branch,loops,padding_size,existing_memory_kb,existing_status,new_memory_kb,new_status
10,1000,0,779460,ok,746312,ok
10,1000,100,884744,ok,848744,ok
10,1000,200,975920,ok,936296,ok
10,1000,300,1082224,ok,1038312,ok
10,1000,400,1173456,ok,1126124,ok
10,1000,500,1264512,ok,1213800,ok
10,1000,600,1355696,ok,1301484,ok
10,1000,700,1461536,ok,1403628,ok
10,1000,800,1552776,ok,1491304,ok
10,1000,900,1644100,ok,1578856,ok
10,1000,1000,1734712,ok,1666284,ok
10,1000,1100,1840840,ok,1768568,ok
10,1000,1200,1932072,ok,1856188,ok
10,1000,1300,2023140,ok,1943748,ok
10,1000,1400,2113880,ok,2031340,ok
10,1000,1500,2220136,ok,2133644,ok
10,1000,1600,2311376,ok,2221220,ok
10,1000,1700,2402152,ok,2309100,ok
10,1000,1800,2492892,ok,2396780,ok
10,1000,1900,2599564,ok,2498924,ok
10,1000,2000,2690396,ok,2586604,ok
10,1000,2100,2781388,ok,2674156,ok
10,1000,2200,2872484,ok,2761836,ok
10,1000,2300,2978736,ok,2864108,ok
10,1000,2400,3069788,ok,2951664,ok
10,1000,2500,3160768,ok,3039340,ok
10,1000,2600,3251856,ok,3126736,ok
10,1000,2700,3357572,ok,3229036,ok
10,1000,2800,3447300,ok,3316588,ok
10,1000,2900,3538300,ok,3404284,ok
10,1000,3000,3629884,ok,3492076,ok
10,1000,3100,3735812,ok,3594212,ok
10,1000,3200,3827024,ok,3681900,ok
10,1000,3300,3918076,ok,3769452,ok
10,1000,3400,4009336,ok,3856872,ok
10,1000,3500,4115332,ok,3959400,ok
10,1000,3600,4206220,ok,4046956,ok
10,1000,3700,4297612,ok,4134640,ok
10,1000,3800,4388268,ok,4222196,ok
10,1000,3900,4494832,ok,4324468,ok
10,1000,4000,4585492,ok,4412148,ok
10,1100,0,881348,ok,816236,ok
10,1100,100,995464,ok,928104,ok
10,1100,200,1093828,ok,1023976,ok
10,1100,300,1208500,ok,1135852,ok
10,1100,400,1306832,ok,1231720,ok
10,1100,500,1405312,ok,1327596,ok
10,1100,600,1503536,ok,1423468,ok
10,1100,700,1618340,ok,1535208,ok
10,1100,800,1716632,ok,1631080,ok
10,1100,900,1814980,ok,1726956,ok
10,1100,1000,1913220,ok,1822832,ok
10,1100,1100,2027904,ok,1934700,ok
10,1100,1200,2126248,ok,2030444,ok
10,1100,1300,2224488,ok,2126448,ok
10,1100,1400,2322596,ok,2222312,ok
10,1100,1500,2439180,ok,2334188,ok
10,1100,1600,2539032,ok,2429872,ok
10,1100,1700,2638892,ok,2525932,ok
10,1100,1800,2738860,ok,2621804,ok
10,1100,1900,2855848,ok,2733548,ok
10,1100,2000,2955648,ok,2829420,ok
10,1100,2100,3055696,ok,2925292,ok
10,1100,2200,3155476,ok,3020904,ok
10,1100,2300,3272488,ok,3133036,ok
10,1100,2400,3372404,ok,3228912,ok
10,1100,2500,3472588,ok,3324716,ok
10,1100,2600,3572560,ok,3420656,ok
10,1100,2700,3688752,ok,3532164,ok
10,1100,2800,3787784,ok,3628116,ok
10,1100,2900,3888124,ok,3724008,ok
10,1100,3000,3988216,ok,3819752,ok
10,1100,3100,4104588,ok,3931884,ok
10,1100,3200,4205108,ok,4027468,ok
10,1100,3300,4304760,ok,4123500,ok
10,1100,3400,4404916,ok,4219368,ok
10,1100,3500,4521852,ok,4331372,ok
10,1100,3600,4621684,ok,4427032,ok
10,1100,3700,4722040,ok,4522848,ok
10,1100,3800,4821892,ok,4618736,ok
10,1100,3900,4938612,ok,4730740,ok
10,1100,4000,5038712,ok,4826608,ok
10,1200,0,931568,ok,885304,ok
10,1200,100,1058404,ok,1006416,ok
10,1200,200,1167340,ok,1110672,ok
10,1200,300,1294632,ok,1232016,ok
10,1200,400,1403540,ok,1335956,ok
10,1200,500,1512824,ok,1440016,ok
10,1200,600,1621792,ok,1544084,ok
10,1200,700,1748952,ok,1665428,ok
10,1200,800,1858184,ok,1769368,ok
10,1200,900,1967232,ok,1873432,ok
10,1200,1000,2076364,ok,1977124,ok
10,1200,1100,2203200,ok,2098552,ok
10,1200,1200,2312492,ok,2202776,ok
10,1200,1300,2421492,ok,2306836,ok
10,1200,1400,2530188,ok,2410772,ok
10,1200,1500,2657676,ok,2531908,ok
10,1200,1600,2766600,ok,2636048,ok
10,1200,1700,2875752,ok,2739804,ok
10,1200,1800,2984748,ok,2844184,ok
10,1200,1900,3111844,ok,2965528,ok
10,1200,2000,3220780,ok,3069368,ok
10,1200,2100,3330000,ok,3173520,ok
10,1200,2200,3438872,ok,3277396,ok
10,1200,2300,3566116,ok,3398932,ok
10,1200,2400,3675124,ok,3502864,ok
10,1200,2500,3783956,ok,3606676,ok
10,1200,2600,3893200,ok,3710636,ok
10,1200,2700,4020036,ok,3832136,ok
10,1200,2800,4128280,ok,3936280,ok
10,1200,2900,4237568,ok,4040136,ok
10,1200,3000,4346572,ok,4144280,ok
10,1200,3100,4473668,ok,4265472,ok
10,1200,3200,4582908,ok,4369532,ok
10,1200,3300,4691772,ok,4473620,ok
10,1200,3400,4800780,ok,4577528,ok
10,1200,3500,4928036,ok,4698892,ok
10,1200,3600,5037172,ok,4802804,ok
10,1200,3700,5146152,ok,4906708,ok
10,1200,3800,5255416,ok,5010876,ok
10,1200,3900,5382284,ok,5132440,ok
10,1200,4000,5491472,ok,5236240,ok
10,1300,0,1007724,ok,953484,ok
10,1300,100,1144804,ok,1084104,ok
10,1300,200,1263116,ok,1196304,ok
10,1300,300,1401028,ok,1327116,ok
10,1300,400,1518996,ok,1438944,ok
10,1300,500,1637116,ok,1551120,ok
10,1300,600,1754928,ok,1663248,ok
10,1300,700,1892948,ok,1793940,ok
10,1300,800,2011012,ok,1906072,ok
10,1300,900,2129028,ok,2018072,ok
10,1300,1000,2246992,ok,2130200,ok
10,1300,1100,2384676,ok,2260884,ok
10,1300,1200,2502568,ok,2373016,ok
10,1300,1300,2620784,ok,2484692,ok
10,1300,1400,2738760,ok,2597144,ok
10,1300,1500,2876428,ok,2727704,ok
10,1300,1600,2994456,ok,2839704,ok
10,1300,1700,3112300,ok,2951960,ok
10,1300,1800,3230508,ok,3063840,ok
10,1300,1900,3368104,ok,3194520,ok
10,1300,2000,3486012,ok,3306772,ok
10,1300,2100,3604048,ok,3418688,ok
10,1300,2200,3722020,ok,3530900,ok
10,1300,2300,3859856,ok,3661588,ok
10,1300,2400,3977832,ok,3773716,ok
10,1300,2500,4095952,ok,3885720,ok
10,1300,2600,4214092,ok,3997844,ok
10,1300,2700,4351600,ok,4128664,ok
10,1300,2800,4468924,ok,4240660,ok
10,1300,2900,4587004,ok,4352788,ok
10,1300,3000,4705124,ok,4464792,ok
10,1300,3100,4842644,ok,4595480,ok
10,1300,3200,4960892,ok,4707608,ok
10,1300,3300,5078904,ok,4819608,ok
10,1300,3400,5196920,ok,4931736,ok
10,1300,3500,5334524,ok,5062420,ok
10,1300,3600,5452660,ok,5174344,ok
10,1300,3700,5570552,ok,5286552,ok
10,1300,3800,5688696,ok,5398508,ok
10,1300,3900,5826548,ok,5529156,ok
10,1300,4000,5944212,ok,5641496,ok
10,1400,0,1084016,ok,1020692,ok
10,1400,100,1231716,ok,1160976,ok
10,1400,200,1358860,ok,1280912,ok
10,1400,300,1507272,ok,1420724,ok
10,1400,400,1634200,ok,1541012,ok
10,1400,500,1761400,ok,1661076,ok
10,1400,600,1888416,ok,1780868,ok
10,1400,700,2036232,ok,1921048,ok
10,1400,800,2163492,ok,2041112,ok
10,1400,900,2290820,ok,2161048,ok
10,1400,1000,2417744,ok,2281108,ok
10,1400,1100,2565668,ok,2421144,ok
10,1400,1200,2692608,ok,2541208,ok
10,1400,1300,2819804,ok,2661144,ok
10,1400,1400,2946888,ok,2781204,ok
10,1400,1500,3095184,ok,2921236,ok
10,1400,1600,3222296,ok,3040936,ok
10,1400,1700,3349096,ok,3161112,ok
10,1400,1800,3476012,ok,3281304,ok
10,1400,1900,3624168,ok,3421080,ok
10,1400,2000,3751300,ok,3541056,ok
10,1400,2100,3878096,ok,3661188,ok
10,1400,2200,4005420,ok,3781228,ok
10,1400,2300,4153700,ok,3921188,ok
10,1400,2400,4280820,ok,4041144,ok
10,1400,2500,4407872,ok,4161428,ok
10,1400,2600,4534864,ok,4281320,ok
10,1400,2700,4682480,ok,4421368,ok
10,1400,2800,4808884,ok,4541324,ok
10,1400,2900,4936188,ok,4661528,ok
10,1400,3000,5063556,ok,4781408,ok
10,1400,3100,5211388,ok,4921264,ok
10,1400,3200,5338876,ok,5041560,ok
10,1400,3300,5465472,ok,5161624,ok
10,1400,3400,5592952,ok,5281384,ok
10,1400,3500,5741048,ok,5421460,ok
10,1400,3600,5867700,ok,5541652,ok
10,1400,3700,5995128,ok,5661336,ok
10,1400,3800,6121948,ok,5781408,ok
10,1400,3900,6270212,ok,5921544,ok
10,1400,4000,6397172,ok,6041428,ok
10,1500,0,1160176,ok,1087500,ok
10,1500,100,1318496,ok,1236540,ok
10,1500,200,1454732,ok,1364624,ok
10,1500,300,1613512,ok,1513744,ok
10,1500,400,1749400,ok,1641620,ok
10,1500,500,1885564,ok,1769616,ok
10,1500,600,2021540,ok,1897492,ok
10,1500,700,2180180,ok,2046616,ok
10,1500,800,2316168,ok,2174328,ok
10,1500,900,2452480,ok,2302360,ok
10,1500,1000,2588480,ok,2430232,ok
10,1500,1100,2746740,ok,2579480,ok
10,1500,1200,2882848,ok,2707156,ok
10,1500,1300,3018992,ok,2835224,ok
10,1500,1400,3155016,ok,2963096,ok
10,1500,1500,3313928,ok,3111972,ok
10,1500,1600,3449880,ok,3239832,ok
10,1500,1700,3585764,ok,3368084,ok
10,1500,1800,3721720,ok,3495956,ok
10,1500,1900,3880580,ok,3645080,ok
10,1500,2000,4016516,ok,3772904,ok
10,1500,2100,4152584,ok,3900948,ok
10,1500,2200,4288580,ok,4028820,ok
10,1500,2300,4447328,ok,4177936,ok
10,1500,2400,4583544,ok,4305808,ok
10,1500,2500,4719692,ok,4433504,ok
10,1500,2600,4855460,ok,4561556,ok
10,1500,2700,5014064,ok,4710616,ok
10,1500,2800,5149688,ok,4838448,ok
10,1500,2900,5285752,ok,4966536,ok
10,1500,3000,5421896,ok,5094252,ok
10,1500,3100,5580536,ok,5243424,ok
10,1500,3200,5716700,ok,5371544,ok
10,1500,3300,5852344,ok,5499276,ok
10,1500,3400,5988824,ok,5627288,ok
10,1500,3500,6147336,ok,5776316,ok
10,1500,3600,6283384,ok,5904324,ok
10,1500,3700,6419572,ok,6032024,ok
10,1500,3800,6555496,ok,6159988,ok
10,1500,3900,6714352,ok,6309164,ok
10,1500,4000,6850420,ok,6436736,ok
10,1600,0,1236076,ok,1153296,ok
10,1600,100,1405120,ok,1311632,ok
10,1600,200,1550476,ok,1447180,ok
10,1600,300,1719624,ok,1605444,ok
10,1600,400,1864600,ok,1740880,ok
10,1600,500,2009492,ok,1876580,ok
10,1600,600,2154660,ok,2012432,ok
10,1600,700,2323920,ok,2170404,ok
10,1600,800,2468996,ok,2306324,ok
10,1600,900,2613864,ok,2441800,ok
10,1600,1000,2759116,ok,2577688,ok
10,1600,1100,2928160,ok,2735660,ok
10,1600,1200,3073320,ok,2871240,ok
10,1600,1300,3218288,ok,3007128,ok
10,1600,1400,3363136,ok,3142804,ok
10,1600,1500,3532560,ok,3301140,ok
10,1600,1600,3677592,ok,3436696,ok
10,1600,1700,3822572,ok,3572328,ok
10,1600,1800,3967512,ok,3708056,ok
10,1600,1900,4136720,ok,3866136,ok
10,1600,2000,4281856,ok,4001880,ok
10,1600,2100,4426960,ok,4137616,ok
10,1600,2200,4572076,ok,4272988,ok
10,1600,2300,4741156,ok,4431508,ok
10,1600,2400,4886136,ok,4566928,ok
10,1600,2500,5031248,ok,4702740,ok
10,1600,2600,5176272,ok,4838420,ok
10,1600,2700,5345320,ok,4996628,ok
10,1600,2800,5490292,ok,5132312,ok
10,1600,2900,5635324,ok,5267736,ok
10,1600,3000,5780088,ok,5403484,ok
10,1600,3100,5949336,ok,5561660,ok
10,1600,3200,6094284,ok,5697304,ok
10,1600,3300,6239608,ok,5832984,ok
10,1600,3400,6384384,ok,5968824,ok
10,1600,3500,6553976,ok,6126920,ok
10,1600,3600,6698736,ok,6262680,ok
10,1600,3700,6843856,ok,6398356,ok
10,1600,3800,6989000,ok,6533836,ok
10,1600,3900,7158260,ok,6692032,ok
10,1600,4000,7303240,ok,6827996,ok
10,1700,0,1312300,ok,1218316,ok
10,1700,100,1491936,ok,1385488,ok
10,1700,200,1645832,ok,1528848,ok
10,1700,300,1825556,ok,1696016,ok
10,1700,400,1979672,ok,1839380,ok
10,1700,500,2133696,ok,1982692,ok
10,1700,600,2287936,ok,2125724,ok
10,1700,700,2467664,ok,2293108,ok
10,1700,800,2621700,ok,2436320,ok
10,1700,900,2775512,ok,2579860,ok
10,1700,1000,2929744,ok,2723220,ok
10,1700,1100,3109248,ok,2890260,ok
10,1700,1200,3263152,ok,3033752,ok
10,1700,1300,3417316,ok,3176964,ok
10,1700,1400,3571556,ok,3320344,ok
10,1700,1500,3751180,ok,3487636,ok
10,1700,1600,3905304,ok,3630656,ok
10,1700,1700,4059244,ok,3774228,ok
10,1700,1800,4213420,ok,3917588,ok
10,1700,1900,4393128,ok,4084592,ok
10,1700,2000,4547200,ok,4227864,ok
10,1700,2100,4701136,ok,4371344,ok
10,1700,2200,4855084,ok,4514532,ok
10,1700,2300,5034920,ok,4681872,ok
10,1700,2400,5188984,ok,4825020,ok
10,1700,2500,5343052,ok,4968364,ok
10,1700,2600,5496808,ok,5111572,ok
10,1700,2700,5676572,ok,5279128,ok
10,1700,2800,5830648,ok,5422136,ok
10,1700,2900,5984636,ok,5565720,ok
10,1700,3000,6138668,ok,5709076,ok
10,1700,3100,6318336,ok,5876076,ok
10,1700,3200,6472572,ok,6019608,ok
10,1700,3300,6626496,ok,6162840,ok
10,1700,3400,6780664,ok,6305952,ok
10,1700,3500,6960248,ok,6473144,ok
10,1700,3600,7114356,ok,6616640,ok
10,1700,3700,7268472,ok,6760084,ok
10,1700,3800,7422364,ok,6903316,ok
10,1700,3900,7602152,ok,7070380,ok
10,1700,4000,7755896,ok,7213848,ok
10,1800,0,1388272,ok,1282552,ok
10,1800,100,1578592,ok,1458576,ok
10,1800,200,1741576,ok,1609488,ok
10,1800,300,1931844,ok,1785484,ok
10,1800,400,2094868,ok,1936404,ok
10,1800,500,2257772,ok,2087112,ok
10,1800,600,2420900,ok,2238224,ok
10,1800,700,2611156,ok,2414104,ok
10,1800,800,2774152,ok,2565012,ok
10,1800,900,2937220,ok,2716052,ok
10,1800,1000,3100236,ok,2866728,ok
10,1800,1100,3290528,ok,3042964,ok
10,1800,1200,3453248,ok,3193876,ok
10,1800,1300,3616624,ok,3344788,ok
10,1800,1400,3779628,ok,3495704,ok
10,1800,1500,3969808,ok,3671500,ok
10,1800,1600,4132888,ok,3822616,ok
10,1800,1700,4295676,ok,3973268,ok
10,1800,1800,4458924,ok,4124440,ok
10,1800,1900,4648968,ok,4300440,ok
10,1800,2000,4811928,ok,4451352,ok
10,1800,2100,4975188,ok,4602260,ok
10,1800,2200,5138344,ok,4753172,ok
10,1800,2300,5328364,ok,4929156,ok
10,1800,2400,5491576,ok,5080084,ok
10,1800,2500,5654604,ok,5230808,ok
10,1800,2600,5817532,ok,5381716,ok
10,1800,2700,6007856,ok,5558040,ok
10,1800,2800,6170688,ok,5708824,ok
10,1800,2900,6333952,ok,5859732,ok
10,1800,3000,6496940,ok,6010648,ok
10,1800,3100,6686976,ok,6186776,ok
10,1800,3200,6850176,ok,6337684,ok
10,1800,3300,7013236,ok,6488472,ok
10,1800,3400,7176316,ok,6639244,ok
10,1800,3500,7366520,ok,6815512,ok
10,1800,3600,7529588,ok,6966168,ok
10,1800,3700,7692664,ok,7117208,ok
10,1800,3800,7855480,ok,7268120,ok
10,1800,3900,8045620,ok,7444244,ok
10,1800,4000,8208888,ok,7595000,ok
10,1900,0,1469552,ok,1345936,ok
10,1900,100,1670628,ok,1530768,ok
10,1900,200,1842828,ok,1689100,ok
10,1900,300,2043336,ok,1873936,ok
10,1900,400,2215192,ok,2032276,ok
10,1900,500,2387448,ok,2190612,ok
10,1900,600,2559524,ok,2349076,ok
10,1900,700,2759892,ok,2533784,ok
10,1900,800,2931976,ok,2691880,ok
10,1900,900,3102980,ok,2850584,ok
10,1900,1000,3274704,ok,3008920,ok
10,1900,1100,3475740,ok,3193752,ok
10,1900,1200,3647744,ok,3351852,ok
10,1900,1300,3819636,ok,3510184,ok
10,1900,1400,3991876,ok,3668888,ok
10,1900,1500,4192820,ok,3853416,ok
10,1900,1600,4364952,ok,4012056,ok
10,1900,1700,4536644,ok,4170392,ok
10,1900,1800,4708892,ok,4328468,ok
10,1900,1900,4909588,ok,4513560,ok
10,1900,2000,5081600,ok,4671896,ok
10,1900,2100,5253664,ok,4830208,ok
10,1900,2200,5425704,ok,4988692,ok
10,1900,2300,5626660,ok,5173520,ok
10,1900,2400,5798772,ok,5331732,ok
10,1900,2500,5970456,ok,5489824,ok
10,1900,2600,6142752,ok,5648492,ok
10,1900,2700,6343336,ok,5833112,ok
10,1900,2800,6515448,ok,5991784,ok
10,1900,2900,6687360,ok,6149952,ok
10,1900,3000,6859328,ok,6308364,ok
10,1900,3100,7059964,ok,6493332,ok
10,1900,3200,7231956,ok,6651496,ok
10,1900,3300,7404000,ok,6810132,ok
10,1900,3400,7576184,ok,6968344,ok
10,1900,3500,7776616,ok,7153304,ok
10,1900,3600,7949040,ok,7311512,ok
10,1900,3700,8120452,ok,7469876,ok
10,1900,3800,8292708,ok,7628440,ok
10,1900,3900,8493552,ok,7813140,ok
10,1900,4000,8665464,ok,7971448,ok
10,2000,0,1545324,ok,1408292,ok
10,2000,100,1757408,ok,1601932,ok
10,2000,200,1938204,ok,1767480,ok
10,2000,300,2149320,ok,1960976,ok
10,2000,400,2330168,ok,2126612,ok
10,2000,500,2511356,ok,2292384,ok
10,2000,600,2692640,ok,2458256,ok
10,2000,700,2903760,ok,2651796,ok
10,2000,800,3084676,ok,2817556,ok
10,2000,900,3264644,ok,2983192,ok
10,2000,1000,3445164,ok,3149080,ok
10,2000,1100,3656700,ok,3342488,ok
10,2000,1200,3837864,ok,3508080,ok
10,2000,1300,4018684,ok,3673864,ok
10,2000,1400,4200136,ok,3839768,ok
10,2000,1500,4411196,ok,4033176,ok
10,2000,1600,4592404,ok,4198936,ok
10,2000,1700,4773256,ok,4364660,ok
10,2000,1800,4954368,ok,4530320,ok
10,2000,1900,5165860,ok,4723672,ok
10,2000,2000,5346764,ok,4889752,ok
10,2000,2100,5527976,ok,5055508,ok
10,2000,2200,5709228,ok,5221264,ok
10,2000,2300,5920144,ok,5414552,ok
10,2000,2400,6101492,ok,5580204,ok
10,2000,2500,6282444,ok,5746196,ok
10,2000,2600,6463340,ok,5911796,ok
10,2000,2700,6674584,ok,6105204,ok
10,2000,2800,6855504,ok,6271128,ok
10,2000,2900,7036644,ok,6436888,ok
10,2000,3000,7217656,ok,6602644,ok
10,2000,3100,7428648,ok,6795932,ok
10,2000,3200,7609704,ok,6961812,ok
10,2000,3300,7790840,ok,7127572,ok
10,2000,3400,7971964,ok,7293240,ok
10,2000,3500,8182888,ok,7486744,ok
10,2000,3600,8364048,ok,7652248,ok
10,2000,3700,8545016,ok,7818264,ok
10,2000,3800,8726008,ok,7983840,ok
10,2000,3900,8937200,ok,8177208,ok
10,2000,4000,9118140,ok,8342968,ok
10,2100,0,1621868,ok,1470112,ok
10,2100,100,1843888,ok,1672092,ok
10,2100,200,2034056,ok,1845264,ok
10,2100,300,2255684,ok,2047056,ok
10,2100,400,2445592,ok,2220308,ok
10,2100,500,2635404,ok,2393360,ok
10,2100,600,2825760,ok,2566416,ok
10,2100,700,3047508,ok,2768280,ok
10,2100,800,3237084,ok,2941336,ok
10,2100,900,3426180,ok,3114260,ok
10,2100,1000,3616000,ok,3287316,ok
10,2100,1100,3838112,ok,3489176,ok
10,2100,1200,4028204,ok,3662328,ok
10,2100,1300,4217896,ok,3835424,ok
10,2100,1400,4408392,ok,4008596,ok
10,2100,1500,4630104,ok,4210208,ok
10,2100,1600,4820248,ok,4383304,ok
10,2100,1700,5010060,ok,4556460,ok
10,2100,1800,5200300,ok,4729452,ok
10,2100,1900,5422116,ok,4931480,ok
10,2100,2000,5612036,ok,5104480,ok
10,2100,2100,5802196,ok,5277712,ok
10,2100,2200,5991980,ok,5450532,ok
10,2100,2300,6213800,ok,5652756,ok
10,2100,2400,6403948,ok,5825808,ok
10,2100,2500,6594128,ok,5998868,ok
10,2100,2600,6784068,ok,6171448,ok
10,2100,2700,7005876,ok,6373648,ok
10,2100,2800,7196020,ok,6546596,ok
10,2100,2900,7385512,ok,6719896,ok
10,2100,3000,7575916,ok,6892952,ok
10,2100,3100,7797424,ok,7094932,ok
10,2100,3200,7987584,ok,7267988,ok
10,2100,3300,8177652,ok,7440884,ok
10,2100,3400,8367736,ok,7614100,ok
10,2100,3500,8589180,ok,7815956,ok
10,2100,3600,8779380,ok,7988964,ok
10,2100,3700,8969136,ok,8161860,ok
10,2100,3800,9159124,ok,8335148,ok
10,2100,3900,9380980,ok,8536896,ok
10,2100,4000,9570932,ok,8710036,ok
10,2200,0,1758828,ok,1531152,ok
10,2200,100,1988704,ok,1741484,ok
10,2200,200,2185356,ok,1921780,ok
10,2200,300,2414664,ok,2131996,ok
10,2200,400,2610740,ok,2312464,ok
10,2200,500,2807676,ok,2492508,ok
10,2200,600,3004448,ok,2672788,ok
10,2200,700,3233680,ok,2883220,ok
10,2200,800,3430276,ok,3063576,ok
10,2200,900,3625984,ok,3243800,ok
10,2200,1000,3822064,ok,3424020,ok
10,2200,1100,4051872,ok,3634324,ok
10,2200,1200,4248436,ok,3814680,ok
10,2200,1300,4445044,ok,3994648,ok
10,2200,1400,4641680,ok,4174940,ok
10,2200,1500,4871268,ok,4385304,ok
10,2200,1600,5068056,ok,4565528,ok
10,2200,1700,5264488,ok,4746008,ok
10,2200,1800,5461036,ok,4926232,ok
10,2200,1900,5690440,ok,5136196,ok
10,2200,2000,5887056,ok,5316884,ok
10,2200,2100,6083924,ok,5497108,ok
10,2200,2200,6280556,ok,5677200,ok
10,2200,2300,6509988,ok,5887460,ok
10,2200,2400,6706608,ok,6067732,ok
10,2200,2500,6905660,ok,6248084,ok
10,2200,2600,7104732,ok,6428264,ok
10,2200,2700,7336868,ok,6638560,ok
10,2200,2800,7536208,ok,6818968,ok
10,2200,2900,7735040,ok,6999072,ok
10,2200,3000,7934168,ok,7179180,ok
10,2200,3100,8166044,ok,7389740,ok
10,2200,3200,8365196,ok,7569944,ok
10,2200,3300,8564092,ok,7750296,ok
10,2200,3400,8763088,ok,7930508,ok
10,2200,3500,8995452,ok,8140952,ok
10,2200,3600,9194604,ok,8320968,ok
10,2200,3700,9393596,ok,8501524,ok
10,2200,3800,9592212,ok,8681752,ok
10,2200,3900,9824656,ok,8892052,ok
10,2200,4000,10023496,ok,9072104,ok
10,2300,0,1774164,ok,1591568,ok
10,2300,100,2017220,ok,1810064,ok
10,2300,200,2225228,ok,1997452,ok
10,2300,300,2467816,ok,2216076,ok
10,2300,400,2675404,ok,2403476,ok
10,2300,500,2884000,ok,2590740,ok
10,2300,600,3091864,ok,2778128,ok
10,2300,700,3334580,ok,2996760,ok
10,2300,800,3542612,ok,3184152,ok
10,2300,900,3749640,ok,3371304,ok
10,2300,1000,3957528,ok,3558596,ok
10,2300,1100,4200764,ok,3777428,ok
10,2300,1200,4408772,ok,3964496,ok
10,2300,1300,4616500,ok,4151984,ok
10,2300,1400,4824448,ok,4339608,ok
10,2300,1500,5067432,ok,4557844,ok
10,2300,1600,5275804,ok,4745496,ok
10,2300,1700,5483312,ok,4932760,ok
10,2300,1800,5691828,ok,5120152,ok
10,2300,1900,5934564,ok,5338736,ok
10,2300,2000,6142372,ok,5526040,ok
10,2300,2100,6350428,ok,5713556,ok
10,2300,2200,6558548,ok,5900944,ok
10,2300,2300,6801316,ok,6119396,ok
10,2300,2400,7009336,ok,6306832,ok
10,2300,2500,7217488,ok,6494224,ok
10,2300,2600,7425704,ok,6681616,ok
10,2300,2700,7668164,ok,6899940,ok
10,2300,2800,7876056,ok,7087388,ok
10,2300,2900,8084140,ok,7274892,ok
10,2300,3000,8292308,ok,7462228,ok
10,2300,3100,8534888,ok,7680916,ok
10,2300,3200,8742704,ok,7868092,ok
10,2300,3300,8950740,ok,8055704,ok
10,2300,3400,9158788,ok,8242868,ok
10,2300,3500,9401628,ok,8461476,ok
10,2300,3600,9609748,ok,8648628,ok
10,2300,3700,9817392,ok,8836224,ok
10,2300,3800,10025484,ok,9023632,ok
10,2300,3900,10268468,ok,9242256,ok
10,2300,4000,10476264,ok,9429656,ok
10,2400,0,1850192,ok,1650832,ok
10,2400,100,2103400,ok,1877648,ok
10,2400,200,2320724,ok,2072076,ok
10,2400,300,2573892,ok,2298520,ok
10,2400,400,2790944,ok,2493064,ok
10,2400,500,3008032,ok,2687504,ok
10,2400,600,3225008,ok,2881940,ok
10,2400,700,3478096,ok,3108760,ok
10,2400,800,3695292,ok,3302840,ok
10,2400,900,3911320,ok,3497480,ok
10,2400,1000,4128208,ok,3691604,ok
10,2400,1100,4381512,ok,3918616,ok
10,2400,1200,4598724,ok,4113048,ok
10,2400,1300,4815796,ok,4307352,ok
10,2400,1400,5032988,ok,4501780,ok
10,2400,1500,5286128,ok,4728472,ok
10,2400,1600,5503392,ok,4922776,ok
10,2400,1700,5720192,ok,5117092,ok
10,2400,1800,5937456,ok,5311460,ok
10,2400,1900,6190688,ok,5538452,ok
10,2400,2000,6407660,ok,5732760,ok
10,2400,2100,6624916,ok,5926932,ok
10,2400,2200,6842024,ok,6121372,ok
10,2400,2300,7095296,ok,6347952,ok
10,2400,2400,7312068,ok,6542604,ok
10,2400,2500,7529068,ok,6736860,ok
10,2400,2600,7746136,ok,6931460,ok
10,2400,2700,7999160,ok,7158168,ok
10,2400,2800,8216268,ok,7352368,ok
10,2400,2900,8433532,ok,7546772,ok
10,2400,3000,8650324,ok,7741332,ok
10,2400,3100,8903528,ok,7968148,ok
10,2400,3200,9120416,ok,8162264,ok
10,2400,3300,9337496,ok,8356696,ok
10,2400,3400,9554564,ok,8551320,ok
10,2400,3500,9807696,ok,8778008,ok
10,2400,3600,10024812,ok,8972184,ok
10,2400,3700,10241660,ok,9166488,ok
10,2400,3800,10458584,ok,9361112,ok
10,2400,3900,10712116,over_10gb,9587992,ok
10,2400,4000,10928992,over_10gb,9782168,ok
10,2500,0,1926484,ok,1751312,ok
10,2500,100,2190328,ok,1980688,ok
10,2500,200,2416588,ok,2177292,ok
10,2500,300,2680296,ok,2406668,ok
10,2500,400,2906148,ok,2603280,ok
10,2500,500,3132192,ok,2799892,ok
10,2500,600,3358304,ok,2996496,ok
10,2500,700,3621796,ok,3225880,ok
10,2500,800,3847992,ok,3422488,ok
10,2500,900,4073108,ok,3621516,ok
10,2500,1000,4298876,ok,3822848,ok
10,2500,1100,4563004,ok,4057668,ok
10,2500,1200,4789060,ok,4259020,ok
10,2500,1300,5015096,ok,4460516,ok
10,2500,1400,5241244,ok,4661736,ok
10,2500,1500,5504976,ok,4896616,ok
10,2500,1600,5731100,ok,5097832,ok
10,2500,1700,5956968,ok,5298944,ok
10,2500,1800,6183088,ok,5500216,ok
10,2500,1900,6446944,ok,5735188,ok
10,2500,2000,6672876,ok,5936388,ok
10,2500,2100,6898864,ok,6137692,ok
10,2500,2200,7124688,ok,6339020,ok
10,2500,2300,7388548,ok,6573844,ok
10,2500,2400,7614616,ok,6775032,ok
10,2500,2500,7840928,ok,6976472,ok
10,2500,2600,8066984,ok,7177744,ok
10,2500,2700,8330536,ok,7412520,ok
10,2500,2800,8556488,ok,7613740,ok
10,2500,2900,8782592,ok,7815036,ok
10,2500,3000,9008516,ok,8016616,ok
10,2500,3100,9272424,ok,8251304,ok
10,2500,3200,9498396,ok,8452460,ok
10,2500,3300,9724040,ok,8654056,ok
10,2500,3400,9950296,ok,8855268,ok
10,2500,3500,10214060,ok,9089984,ok
10,2500,3600,10440172,ok,9291368,ok
10,2500,3700,10666172,over_10gb,9492524,ok
10,2500,3800,10892044,over_10gb,9694052,ok
10,2500,3900,11155888,over_10gb,9928708,ok
10,2600,0,2002496,ok,1767268,ok
10,2600,100,2277188,ok,2010084,ok
10,2600,200,2512204,ok,2218212,ok
10,2600,300,2786228,ok,2460900,ok
10,2600,400,3021088,ok,2669036,ok
10,2600,500,3256112,ok,2877164,ok
10,2600,600,3491424,ok,3085292,ok
10,2600,700,3765408,ok,3328104,ok
10,2600,800,4000700,ok,3536232,ok
10,2600,900,4234688,ok,3744356,ok
10,2600,1000,4469524,ok,3952488,ok
10,2600,1100,4744248,ok,4195172,ok
10,2600,1200,4979176,ok,4403304,ok
10,2600,1300,5214136,ok,4611428,ok
10,2600,1400,5449368,ok,4819556,ok
10,2600,1500,5723728,ok,5062232,ok
10,2600,1600,5958816,ok,5270508,ok
10,2600,1700,6193796,ok,5478632,ok
10,2600,1800,6428848,ok,5686764,ok
10,2600,1900,6703200,ok,5929200,ok
10,2600,2000,6937632,ok,6137236,ok
10,2600,2100,7173012,ok,6345520,ok
10,2600,2200,7407828,ok,6553628,ok
10,2600,2300,7682304,ok,6796648,ok
10,2600,2400,7917276,ok,7004776,ok
10,2600,2500,8152528,ok,7212708,ok
10,2600,2600,8387752,ok,7421028,ok
10,2600,2700,8661456,ok,7663716,ok
10,2600,2800,8896972,ok,7871708,ok
10,2600,2900,9131772,ok,8079812,ok
10,2600,3000,9367016,ok,8288108,ok
10,2600,3100,9641060,ok,8530924,ok
10,2600,3200,9875976,ok,8739008,ok
10,2600,3300,10110972,ok,8947180,ok
10,2600,3400,10346112,ok,9154928,ok
10,2600,3500,10620272,over_10gb,9397992,ok
10,2600,3600,10855208,over_10gb,9606120,ok
10,2600,3700,11090260,over_10gb,9814244,ok
10,2700,0,2078716,ok,1824228,ok
10,2700,100,2363712,ok,2074856,ok
10,2700,200,2607692,ok,2289764,ok
10,2700,300,2892516,ok,2540172,ok
10,2700,400,3136292,ok,2755180,ok
10,2700,500,3380404,ok,2970092,ok
10,2700,600,3624668,ok,3184876,ok
10,2700,700,3909116,ok,3435496,ok
10,2700,800,4153400,ok,3650172,ok
10,2700,900,4396696,ok,3864996,ok
10,2700,1000,4640240,ok,4079976,ok
10,2700,1100,4925500,ok,4330728,ok
10,2700,1200,5169600,ok,4545512,ok
10,2700,1300,5413252,ok,4760296,ok
10,2700,1400,5657500,ok,4975052,ok
10,2700,1500,5942476,ok,5225604,ok
10,2700,1600,6186428,ok,5440616,ok
10,2700,1700,6430344,ok,5655268,ok
10,2700,1800,6674400,ok,5870312,ok
10,2700,1900,6959128,ok,6120568,ok
10,2700,2000,7203244,ok,6335844,ok
10,2700,2100,7447444,ok,6550500,ok
10,2700,2200,7691260,ok,6765540,ok
10,2700,2300,7976096,ok,7016164,ok
10,2700,2400,8219992,ok,7230952,ok
10,2700,2500,8464208,ok,7445864,ok
10,2700,2600,8708352,ok,7660360,ok
10,2700,2700,8992896,ok,7911272,ok
10,2700,2800,9237072,ok,8126184,ok
10,2700,2900,9481084,ok,8340772,ok
10,2700,3000,9725164,ok,8555712,ok
10,2700,3100,10009704,ok,8806308,ok
10,2700,3200,10253616,ok,9021064,ok
10,2700,3300,10497664,over_10gb,9236076,ok
10,2700,3400,10741760,over_10gb,9450984,ok
10,2700,3500,11026460,over_10gb,9701364,ok
10,2800,0,2154704,ok,1880416,ok
10,2800,100,2450372,ok,2138856,ok
10,2800,200,2703436,ok,2360296,ok
10,2800,300,2998628,ok,2618596,ok
10,2800,400,3251492,ok,2840172,ok
10,2800,500,3504544,ok,3061408,ok
10,2800,600,3757788,ok,3283048,ok
10,2800,700,4052856,ok,3541300,ok
10,2800,800,4305848,ok,3762916,ok
10,2800,900,4558484,ok,3984356,ok
10,2800,1000,4811248,ok,4205796,ok
10,2800,1100,5106620,ok,4464228,ok
10,2800,1200,5359684,ok,4685668,ok
10,2800,1300,5612600,ok,4907108,ok
10,2800,1400,5865752,ok,5128680,ok
10,2800,1500,6161228,ok,5386812,ok
10,2800,1600,6414024,ok,5608428,ok
10,2800,1700,6666928,ok,5829764,ok
10,2800,1800,6920244,ok,6051432,ok
10,2800,1900,7215460,ok,6309736,ok
10,2800,2000,7468340,ok,6531304,ok
10,2800,2100,7721744,ok,6752740,ok
10,2800,2200,7974700,ok,6974184,ok
10,2800,2300,8269824,ok,7232612,ok
10,2800,2400,8522964,ok,7454052,ok
10,2800,2500,8775652,ok,7675492,ok
10,2800,2600,9028840,ok,7896692,ok
10,2800,2700,9323968,ok,8155200,ok
10,2800,2800,9576964,ok,8376804,ok
10,2800,2900,9830148,ok,8598248,ok
10,2800,3000,10082988,ok,8819820,ok
10,2800,3100,10378468,ok,9078120,ok
10,2800,3200,10631132,over_10gb,9299564,ok
10,2800,3300,10884480,over_10gb,9520932,ok
10,2800,3400,11137380,over_10gb,9742424,ok
10,2900,0,2231124,ok,1935844,ok
10,2900,100,2537024,ok,2201832,ok
10,2900,200,2798712,ok,2429796,ok
10,2900,300,3104520,ok,2695784,ok
10,2900,400,3366464,ok,2923880,ok
10,2900,500,3628708,ok,3151852,ok
10,2900,600,3890596,ok,3379688,ok
10,2900,700,4196368,ok,3645604,ok
10,2900,800,4458556,ok,3873892,ok
10,2900,900,4719840,ok,4101860,ok
10,2900,1000,4981996,ok,4329588,ok
10,2900,1100,5287612,ok,4595812,ok
10,2900,1200,5549888,ok,4823708,ok
10,2900,1300,5811892,ok,5051704,ok
10,2900,1400,6073760,ok,5279844,ok
10,2900,1500,6379476,ok,5545564,ok
10,2900,1600,6641824,ok,5773932,ok
10,2900,1700,6903716,ok,6001900,ok
10,2900,1800,7165748,ok,6229868,ok
10,2900,1900,7471712,ok,6495712,ok
10,2900,2000,7733648,ok,6723920,ok
10,2900,2100,7995584,ok,6951908,ok
10,2900,2200,8257836,ok,7179880,ok
10,2900,2300,8563584,ok,7445612,ok
10,2900,2400,8825556,ok,7673912,ok
10,2900,2500,9087532,ok,7901696,ok
10,2900,2600,9349668,ok,8129588,ok
10,2900,2700,9655364,ok,8395752,ok
10,2900,2800,9917388,ok,8623976,ok
10,2900,2900,10179452,ok,8851712,ok
10,2900,3000,10441148,ok,9079676,ok
10,2900,3100,10747236,over_10gb,9345896,ok
10,2900,3200,11008992,over_10gb,9573996,ok
10,2900,3300,11271292,over_10gb,9801624,ok
10,3000,0,2307280,ok,1990368,ok
10,3000,100,2623472,ok,2263908,ok
10,3000,200,2894668,ok,2498280,ok
10,3000,300,3210980,ok,2771812,ok
10,3000,400,3481760,ok,3006316,ok
10,3000,500,3752996,ok,3240812,ok
10,3000,600,4024032,ok,3474960,ok
10,3000,700,4340220,ok,3748388,ok
10,3000,800,4611120,ok,3983208,ok
10,3000,900,4881812,ok,4217572,ok
10,3000,1000,5152624,ok,4451856,ok
10,3000,1100,5469112,ok,4725604,ok
10,3000,1200,5740224,ok,4959804,ok
10,3000,1300,6011060,ok,5194468,ok
10,3000,1400,6282264,ok,5428816,ok
10,3000,1500,6598480,ok,5702376,ok
10,3000,1600,6869536,ok,5936872,ok
10,3000,1700,7140616,ok,6171372,ok
10,3000,1800,7411632,ok,6405740,ok
10,3000,1900,7727968,ok,6679276,ok
10,3000,2000,7998768,ok,6913536,ok
10,3000,2100,8269972,ok,7148132,ok
10,3000,2200,8540968,ok,7382628,ok
10,3000,2300,8857084,ok,7656168,ok
10,3000,2400,9128272,ok,7890660,ok
10,3000,2500,9399380,ok,8124808,ok
10,3000,2600,9670264,ok,8359524,ok
10,3000,2700,9986500,ok,8633064,ok
10,3000,2800,10257744,ok,8867432,ok
10,3000,2900,10528636,over_10gb,9101932,ok
10,3000,3000,10799720,over_10gb,9336108,ok
10,3000,3100,11115752,over_10gb,9609832,ok
10,3100,0,2383568,ok,2044132,ok
10,3100,100,2710196,ok,2324928,ok
10,3100,200,2989956,ok,2565864,ok
10,3100,300,3316968,ok,2846824,ok
10,3100,400,3596836,ok,3087596,ok
10,3100,500,3877156,ok,3328360,ok
10,3100,600,4157004,ok,3569132,ok
10,3100,700,4483708,ok,3850084,ok
10,3100,800,4763964,ok,4090856,ok
10,3100,900,5043376,ok,4331620,ok
10,3100,1000,5323376,ok,4572516,ok
10,3100,1100,5650176,ok,4853348,ok
10,3100,1200,5930436,ok,5094024,ok
10,3100,1300,6210232,ok,5335016,ok
10,3100,1400,6490032,ok,5575644,ok
10,3100,1500,6817232,ok,5856620,ok
10,3100,1600,7097372,ok,6097516,ok
10,3100,1700,7377160,ok,6338284,ok
10,3100,1800,7657396,ok,6578856,ok
10,3100,1900,7984100,ok,6860012,ok
10,3100,2000,8264112,ok,7100776,ok
10,3100,2100,8544148,ok,7341540,ok
10,3100,2200,8823836,ok,7582440,ok
10,3100,2300,9150976,ok,7863272,ok
10,3100,2400,9430996,ok,8103912,ok
10,3100,2500,9710932,ok,8344936,ok
10,3100,2600,9991204,ok,8585704,ok
10,3100,2700,10317424,ok,8866660,ok
10,3100,2800,10597840,over_10gb,9107432,ok
10,3100,2900,10877820,over_10gb,9348204,ok
10,3100,3000,11157736,over_10gb,9588972,ok
10,3200,0,2459472,ok,2097120,ok
10,3200,100,2796612,ok,2385124,ok
10,3200,200,3085900,ok,2632424,ok
10,3200,300,3422928,ok,2920552,ok
10,3200,400,3711796,ok,3167592,ok
10,3200,500,4001188,ok,3414636,ok
10,3200,600,4290224,ok,3661672,ok
10,3200,700,4627452,ok,3949924,ok
10,3200,800,4916536,ok,4196780,ok
10,3200,900,5205400,ok,4443788,ok
10,3200,1000,5494124,ok,4691048,ok
10,3200,1100,5831236,ok,4979304,ok
10,3200,1200,6120512,ok,5226344,ok
10,3200,1300,6409284,ok,5473380,ok
10,3200,1400,6698520,ok,5720420,ok
10,3200,1500,7035980,ok,6008684,ok
10,3200,1600,7324928,ok,6255724,ok
10,3200,1700,7613704,ok,6502564,ok
10,3200,1800,7902768,ok,6749800,ok
10,3200,1900,8240220,ok,7037804,ok
10,3200,2000,8529328,ok,7285096,ok
10,3200,2100,8818216,ok,7532136,ok
10,3200,2200,9107500,ok,7779172,ok
10,3200,2300,9444736,ok,8067200,ok
10,3200,2400,9733716,ok,8314472,ok
10,3200,2500,10022612,ok,8561512,ok
10,3200,2600,10311712,ok,8808548,ok
10,3200,2700,10648900,over_10gb,9096548,ok
10,3200,2800,10937932,over_10gb,9343720,ok
10,3200,2900,11226880,over_10gb,9590764,ok
10,3300,0,2535760,ok,2149220,ok
10,3300,100,2883524,ok,2444648,ok
10,3300,200,3181644,ok,2697672,ok
10,3300,300,3529320,ok,2993256,ok
10,3300,400,3827236,ok,3246296,ok
10,3300,500,4125344,ok,3499756,ok
10,3300,600,4423392,ok,3752728,ok
10,3300,700,4771064,ok,4048360,ok
10,3300,800,5068884,ok,4301544,ok
10,3300,900,5366800,ok,4554728,ok
10,3300,1000,5665004,ok,4807908,ok
10,3300,1100,6012732,ok,5103332,ok
10,3300,1200,6310724,ok,5356520,ok
10,3300,1300,6608824,ok,5609572,ok
10,3300,1400,6906904,ok,5862888,ok
10,3300,1500,7254608,ok,6158096,ok
10,3300,1600,7552672,ok,6411500,ok
10,3300,1700,7850632,ok,6664544,ok
10,3300,1800,8148656,ok,6917840,ok
10,3300,1900,8496480,ok,7213288,ok
10,3300,2000,8794544,ok,7466596,ok
10,3300,2100,9092340,ok,7719636,ok
10,3300,2200,9390632,ok,7972968,ok
10,3300,2300,9738156,ok,8268392,ok
10,3300,2400,10036176,ok,8521408,ok
10,3300,2500,10334176,ok,8774548,ok
10,3300,2600,10632012,over_10gb,9027816,ok
10,3300,2700,10979924,over_10gb,9323364,ok
10,3300,2800,11278156,over_10gb,9576552,ok
10,3400,0,2611924,ok,2200672,ok
10,3400,100,2970180,ok,2503140,ok
10,3400,200,3277260,ok,2762340,ok
10,3400,300,3635428,ok,3064656,ok
10,3400,400,3942308,ok,3324140,ok
10,3400,500,4249116,ok,3583216,ok
10,3400,600,4556356,ok,3842668,ok
10,3400,700,4914812,ok,4144944,ok
10,3400,800,5221728,ok,4404272,ok
10,3400,900,5528348,ok,4663656,ok
10,3400,1000,5835500,ok,4922980,ok
10,3400,1100,6193976,ok,5225448,ok
10,3400,1200,6500900,ok,5484444,ok
10,3400,1300,6807860,ok,5743804,ok
10,3400,1400,7115036,ok,6003176,ok
10,3400,1500,7473032,ok,6305492,ok
10,3400,1600,7780252,ok,6564968,ok
10,3400,1700,8087432,ok,6824172,ok
10,3400,1800,8394416,ok,7083356,ok
10,3400,1900,8752336,ok,7385960,ok
10,3400,2000,9059432,ok,7645148,ok
10,3400,2100,9366460,ok,7904312,ok
10,3400,2200,9673500,ok,8163568,ok
10,3400,2300,10031868,ok,8466048,ok
10,3400,2400,10339028,ok,8725480,ok
10,3400,2500,10645844,over_10gb,8984804,ok
10,3400,2600,10953120,over_10gb,9244004,ok
10,3400,2700,11311172,over_10gb,9546252,ok
10,3500,0,2688080,ok,2251232,ok
10,3500,100,3056836,ok,2560612,ok
10,3500,200,3372744,ok,2825832,ok
10,3500,300,3741204,ok,3135336,ok
10,3500,400,4057504,ok,3400556,ok
10,3500,500,4373668,ok,3665528,ok
10,3500,600,4689552,ok,3930988,ok
10,3500,700,5058300,ok,4240488,ok
10,3500,800,5374524,ok,4505700,ok
10,3500,900,5690372,ok,4770916,ok
10,3500,1000,6006256,ok,5035988,ok
10,3500,1100,6375228,ok,5345316,ok
10,3500,1200,6691060,ok,5610852,ok
10,3500,1300,7006860,ok,5876072,ok
10,3500,1400,7323164,ok,6141128,ok
10,3500,1500,7691748,ok,6450796,ok
10,3500,1600,8007968,ok,6715764,ok
10,3500,1700,8323904,ok,6981092,ok
10,3500,1800,8639932,ok,7246444,ok
10,3500,1900,9008996,ok,7555948,ok
10,3500,2000,9324848,ok,7820840,ok
10,3500,2100,9640976,ok,8086120,ok
10,3500,2200,9956756,ok,8351592,ok
10,3500,2300,10325504,ok,8660964,ok
10,3500,2400,10641548,over_10gb,8926308,ok
10,3500,2500,10957648,over_10gb,9191164,ok
10,3500,2600,11273892,over_10gb,9456744,ok
10,3600,0,2764112,ok,2301028,ok
10,3600,100,3143364,ok,2617144,ok
10,3600,200,3468236,ok,2888424,ok
10,3600,300,3847652,ok,3204496,ok
10,3600,400,4172580,ok,3475816,ok
10,3600,500,4497700,ok,3746924,ok
10,3600,600,4822752,ok,4018024,ok
10,3600,700,5201912,ok,4334312,ok
10,3600,800,5526972,ok,4605416,ok
10,3600,900,5852052,ok,4876520,ok
10,3600,1000,6177008,ok,5147624,ok
10,3600,1100,6556216,ok,5463708,ok
10,3600,1200,6881348,ok,5734820,ok
10,3600,1300,7206196,ok,6005864,ok
10,3600,1400,7531420,ok,6277220,ok
10,3600,1500,7910388,ok,6593516,ok
10,3600,1600,8235420,ok,6864620,ok
10,3600,1700,8560772,ok,7135720,ok
10,3600,1800,8885492,ok,7406828,ok
10,3600,1900,9264996,ok,7723112,ok
10,3600,2000,9589936,ok,7993960,ok
10,3600,2100,9915028,ok,8265320,ok
10,3600,2200,10240040,ok,8536220,ok
10,3600,2300,10619264,over_10gb,8852708,ok
10,3600,2400,10944340,over_10gb,9123684,ok
10,3600,2500,11269200,over_10gb,9394920,ok
10,3700,0,2850644,ok,2349920,ok
10,3700,100,3240516,ok,2672996,ok
10,3700,200,3574092,ok,2949864,ok
10,3700,300,3963488,ok,3272936,ok
10,3700,400,4297636,ok,3549804,ok
10,3700,500,4631844,ok,3826668,ok
10,3700,600,4964960,ok,4103528,ok
10,3700,700,5354876,ok,4426600,ok
10,3700,800,5689404,ok,4703460,ok
10,3700,900,6024728,ok,4980328,ok
10,3700,1000,6358552,ok,5257192,ok
10,3700,1100,6747964,ok,5580020,ok
10,3700,1200,7082560,ok,5857124,ok
10,3700,1300,7415988,ok,6133992,ok
10,3700,1400,7750680,ok,6410984,ok
10,3700,1500,8140108,ok,6733932,ok
10,3700,1600,8474012,ok,7010640,ok
10,3700,1700,8808196,ok,7287788,ok
10,3700,1800,9141940,ok,7564652,ok
10,3700,1900,9531748,ok,7887440,ok
10,3700,2000,9865212,ok,8164584,ok
10,3700,2100,10199456,ok,8441444,ok
10,3700,2200,10533804,over_10gb,8718308,ok
10,3700,2300,10922800,over_10gb,9041380,ok
10,3700,2400,11257068,over_10gb,9318116,ok
10,3800,0,2926544,ok,2398052,ok
10,3800,100,3327172,ok,2727784,ok
10,3800,200,3669836,ok,3010280,ok
10,3800,300,4069604,ok,3340004,ok
10,3800,400,4412704,ok,3622504,ok
10,3800,500,4756132,ok,3905132,ok
10,3800,600,5098204,ok,4187568,ok
10,3800,700,5498748,ok,4517196,ok
10,3800,800,5842108,ok,4799976,ok
10,3800,900,6186264,ok,5082468,ok
10,3800,1000,6529388,ok,5365096,ok
10,3800,1100,6929212,ok,5694692,ok
10,3800,1200,7272644,ok,5977320,ok
10,3800,1300,7615028,ok,6259816,ok
10,3800,1400,7958680,ok,6542220,ok
10,3800,1500,8358380,ok,6872172,ok
10,3800,1600,8701600,ok,7154668,ok
10,3800,1700,9044612,ok,7437288,ok
10,3800,1800,9387440,ok,7719788,ok
10,3800,1900,9787548,ok,8049256,ok
10,3800,2000,10130604,ok,8331800,ok
10,3800,2100,10473732,ok,8614628,ok
10,3800,2200,10816936,over_10gb,8897252,ok
10,3800,2300,11216456,over_10gb,9226856,ok
10,3800,2400,11560020,over_10gb,9509476,ok
10,3900,0,3002528,ok,2445408,ok
10,3900,100,3413696,ok,2781416,ok
10,3900,200,3765448,ok,3069668,ok
10,3900,300,4175848,ok,3405924,ok
10,3900,400,4527908,ok,3694188,ok
10,3900,500,4880164,ok,3982312,ok
10,3900,600,5231456,ok,4270444,ok
10,3900,700,5642208,ok,4606568,ok
10,3900,800,5994684,ok,4894824,ok
10,3900,900,6347928,ok,5182804,ok
10,3900,1000,6700140,ok,5471076,ok
10,3900,1100,7110072,ok,5807336,ok
10,3900,1200,7462724,ok,6095460,ok
10,3900,1300,7814452,ok,6383592,ok
10,3900,1400,8166812,ok,6671716,ok
10,3900,1500,8577360,ok,7007980,ok
10,3900,1600,8929312,ok,7296108,ok
10,3900,1700,9281404,ok,7584236,ok
10,3900,1800,9632928,ok,7872492,ok
10,3900,1900,10043876,ok,8208416,ok
10,3900,2000,10395820,ok,8496744,ok
10,3900,2100,10748052,over_10gb,8785000,ok
10,3900,2200,11100200,over_10gb,9072928,ok
10,3900,2300,11510400,over_10gb,9409080,ok
10,4000,0,3078992,ok,2492000,ok
10,4000,100,3500608,ok,2834536,ok
10,4000,200,3861068,ok,3128040,ok
10,4000,300,4282088,ok,3470820,ok
10,4000,400,4642928,ok,3764460,ok
10,4000,500,5004064,ok,4058092,ok
10,4000,600,5364448,ok,4351852,ok
10,4000,700,5785916,ok,4694372,ok
10,4000,800,6147368,ok,4987836,ok
10,4000,900,6509592,ok,5281476,ok
10,4000,1000,6870768,ok,5575400,ok
10,4000,1100,7291324,ok,5917928,ok
10,4000,1200,7652676,ok,6211556,ok
10,4000,1300,8013476,ok,6505112,ok
10,4000,1400,8374936,ok,6798800,ok
10,4000,1500,8795980,ok,7141484,ok
10,4000,1600,9157024,ok,7435116,ok
10,4000,1700,9517900,ok,7728872,ok
10,4000,1800,9878836,ok,8022504,ok
10,4000,1900,10299932,ok,8364804,ok
10,4000,2000,10660784,over_10gb,8658664,ok
10,4000,2100,11022016,over_10gb,8952420,ok
10,4000,2200,11383348,over_10gb,9246052,ok
10,4100,0,3155088,ok,2537696,ok
10,4100,100,3587136,ok,2886632,ok
10,4100,200,3956520,ok,3185636,ok
10,4100,300,4388200,ok,3534568,ok
10,4100,400,4758304,ok,3833580,ok
10,4100,500,5128484,ok,4132712,ok
10,4100,600,5497696,ok,4431724,ok
10,4100,700,5929852,ok,4780644,ok
10,4100,800,6300092,ok,5079656,ok
10,4100,900,6671252,ok,5378580,ok
10,4100,1000,7041264,ok,5677796,ok
10,4100,1100,7472572,ok,6026724,ok
10,4100,1200,7843012,ok,6325736,ok
10,4100,1300,8212364,ok,6624868,ok
10,4100,1400,8583196,ok,6923704,ok
10,4100,1500,9014608,ok,7272592,ok
10,4100,1600,9384736,ok,7571816,ok
10,4100,1700,9754628,ok,7870828,ok
10,4100,1800,10124592,ok,8169960,ok
10,4100,1900,10556124,over_10gb,8518760,ok
10,4100,2000,10925868,over_10gb,8817712,ok
10,4100,2100,11296276,over_10gb,9116904,ok
10,4200,0,3231188,ok,2582628,ok
10,4200,100,3673792,ok,2937828,ok
10,4200,200,4052428,ok,3242088,ok
10,4200,300,4494308,ok,3596992,ok
10,4200,400,4873380,ok,3901548,ok
10,4200,500,5252644,ok,4205928,ok
10,4200,600,5630816,ok,4510316,ok
10,4200,700,6073280,ok,4865380,ok
10,4200,800,6452796,ok,5169768,ok
10,4200,900,6832660,ok,5474148,ok
10,4200,1000,7211888,ok,5778408,ok
10,4200,1100,7653688,ok,6133260,ok
10,4200,1200,8032964,ok,6437864,ok
10,4200,1300,8411832,ok,6742244,ok
10,4200,1400,8791068,ok,7046476,ok
10,4200,1500,9233104,ok,7401508,ok
10,4200,1600,9612192,ok,7706092,ok
10,4200,1700,9991104,ok,8010476,ok
10,4200,1800,10370100,ok,8314732,ok
10,4200,1900,10812260,over_10gb,8669724,ok
10,4200,2000,11191216,over_10gb,8974184,ok
10,4200,2100,11570448,over_10gb,9278388,ok
10,4300,0,3307344,ok,2626784,ok
10,4300,100,3760324,ok,2988008,ok
10,4300,200,4148044,ok,3297512,ok
10,4300,300,4600552,ok,3658728,ok
10,4300,400,4988576,ok,3968104,ok
10,4300,500,5376804,ok,4277864,ok
10,4300,600,5764060,ok,4587496,ok
10,4300,700,6216952,ok,4948584,ok
10,4300,800,6605500,ok,5258212,ok
10,4300,900,6994328,ok,5567524,ok
10,4300,1000,7382636,ok,5877348,ok
10,4300,1100,7834396,ok,6238224,ok
10,4300,1200,8223168,ok,6548072,ok
10,4300,1300,8610996,ok,6857448,ok
10,4300,1400,8999324,ok,7167204,ok
10,4300,1500,9451852,ok,7528296,ok
10,4300,1600,9839776,ok,7837932,ok
10,4300,1700,10227908,ok,8147436,ok
10,4300,1800,10615728,over_10gb,8457068,ok
10,4300,1900,11068388,over_10gb,8818280,ok
10,4300,2000,11456432,over_10gb,9127784,ok
10,4400,0,3514576,ok,2670052,ok
10,4400,100,3973696,ok,3037284,ok
10,4400,200,4366540,ok,3352040,ok
10,4400,300,4824936,ok,3719140,ok
10,4400,400,5218128,ok,4033772,ok
10,4400,500,5611628,ok,4348520,ok
10,4400,600,6004060,ok,4663148,ok
10,4400,700,6463100,ok,5030164,ok
10,4400,800,6856740,ok,5345000,ok
10,4400,900,7250712,ok,5659624,ok
10,4400,1000,7644140,ok,5974372,ok
10,4400,1100,8102328,ok,6341476,ok
10,4400,1200,8495940,ok,6656232,ok
10,4400,1300,8888884,ok,6970852,ok
10,4400,1400,9282332,ok,7285524,ok
10,4400,1500,9741004,ok,7652712,ok
10,4400,1600,10134048,ok,7967336,ok
10,4400,1700,10527496,over_10gb,8281960,ok
10,4400,1800,10920368,over_10gb,8596712,ok
10,4400,1900,11379172,over_10gb,8963948,ok
10,4500,0,3514580,ok,2712672,ok
10,4500,100,3973696,ok,3085672,ok
10,4500,200,4366536,ok,3405416,ok
10,4500,300,4824904,ok,3778408,ok
10,4500,400,5218944,ok,4097988,ok
10,4500,500,5625072,ok,4417772,ok
10,4500,600,6030308,ok,4737516,ok
10,4500,700,6504248,ok,5110504,ok
10,4500,800,6910784,ok,5430016,ok
10,4500,900,7317752,ok,5749992,ok
10,4500,1000,7723688,ok,6069608,ok
10,4500,1100,8197048,ok,6442600,ok
10,4500,1200,8603420,ok,6762344,ok
10,4500,1300,9008932,ok,7082084,ok
10,4500,1400,9415580,ok,7401540,ok
10,4500,1500,9888956,ok,7774700,ok
10,4500,1600,10295244,ok,8094444,ok
10,4500,1700,10700928,over_10gb,8413992,ok
10,4500,1800,11107104,over_10gb,8733804,ok
10,4500,1900,11580812,over_10gb,9106792,ok
10,4600,0,3535740,ok,2754400,ok
10,4600,100,4020244,ok,3133156,ok
10,4600,200,4434948,ok,3457764,ok
10,4600,300,4918872,ok,3836520,ok
10,4600,400,5333780,ok,4161080,ok
10,4600,500,5749048,ok,4485868,ok
10,4600,600,6163552,ok,4810476,ok
10,4600,700,6648204,ok,5189220,ok
10,4600,800,7063180,ok,5513676,ok
10,4600,900,7479156,ok,5838436,ok
10,4600,1000,7894188,ok,6163044,ok
10,4600,1100,8378300,ok,6541796,ok
10,4600,1200,8793632,ok,6866532,ok
10,4600,1300,9208332,ok,7190884,ok
10,4600,1400,9623580,ok,7515620,ok
10,4600,1500,10107656,ok,7894504,ok
10,4600,1600,10522572,over_10gb,8219116,ok
10,4600,1700,10937824,over_10gb,8543720,ok
10,4600,1800,11352608,over_10gb,8868332,ok
10,4700,0,3611900,ok,2795364,ok
10,4700,100,4107028,ok,3179576,ok
10,4700,200,4530692,ok,3509224,ok
10,4700,300,5025112,ok,3893352,ok
10,4700,400,5449212,ok,4223084,ok
10,4700,500,5873516,ok,4552552,ok
10,4700,600,6296804,ok,4882028,ok
10,4700,700,6791692,ok,5266408,ok
10,4700,800,7216064,ok,5595624,ok
10,4700,900,7640656,ok,5925348,ok
10,4700,1000,8065060,ok,6254824,ok
10,4700,1100,8559292,ok,6639032,ok
10,4700,1200,8983708,ok,6968424,ok
10,4700,1300,9407500,ok,7298024,ok
10,4700,1400,9831840,ok,7627496,ok
10,4700,1500,10326156,ok,8011692,ok
10,4700,1600,10750408,over_10gb,8341228,ok
10,4700,1700,11174496,over_10gb,8670828,ok
10,4700,1800,11598236,over_10gb,9000300,ok
10,4800,0,3688060,ok,2835556,ok
10,4800,100,4193684,ok,3225448,ok
10,4800,200,4626432,ok,3559656,ok
10,4800,300,5131352,ok,3949544,ok
10,4800,400,5564416,ok,4283536,ok
10,4800,500,5997244,ok,4617964,ok
10,4800,600,6429924,ok,4952168,ok
10,4800,700,6935436,ok,5341928,ok
10,4800,800,7368764,ok,5676264,ok
10,4800,900,7802484,ok,6010472,ok
10,4800,1000,8235464,ok,6344512,ok
10,4800,1100,8740408,ok,6734568,ok
10,4800,1200,9173792,ok,7068644,ok
10,4800,1300,9606432,ok,7402736,ok
10,4800,1400,10039964,ok,7737036,ok
10,4800,1500,10545036,over_10gb,8127080,ok
10,4800,1600,10977772,over_10gb,8461036,ok
10,4800,1700,11411172,over_10gb,8795500,ok
10,4900,0,3764344,ok,2874848,ok
10,4900,100,4280208,ok,3270116,ok
10,4900,200,4721924,ok,3609064,ok
10,4900,300,5237300,ok,4004324,ok
10,4900,400,5679616,ok,4342928,ok
10,4900,500,6121712,ok,4681840,ok
10,4900,600,6563044,ok,5020908,ok
10,4900,700,7079048,ok,5416164,ok
10,4900,800,7521344,ok,5754816,ok
10,4900,900,7964152,ok,6093924,ok
10,4900,1000,8406180,ok,6432740,ok
10,4900,1100,8921528,ok,6828008,ok
10,4900,1200,9364000,ok,7166952,ok
10,4900,1300,9805708,ok,7505764,ok
10,4900,1400,10248096,ok,7844340,ok
10,4900,1500,10763644,over_10gb,8239852,ok
10,4900,1600,11205708,over_10gb,8578792,ok
10,4900,1700,11647712,over_10gb,8917612,ok
10,5000,0,3840132,ok,2913380,ok
10,5000,100,4366864,ok,3314024,ok
10,5000,200,4817544,ok,3657444,ok
10,5000,300,5343576,ok,4058084,ok
10,5000,400,5794556,ok,4401388,ok
10,5000,500,6245872,ok,4744812,ok
10,5000,600,6696292,ok,5088236,ok
10,5000,700,7222792,ok,5488628,ok
10,5000,800,7673988,ok,5832168,ok
10,5000,900,8125436,ok,6175592,ok
10,5000,1000,8576932,ok,6518884,ok
10,5000,1100,9102604,ok,6919656,ok
10,5000,1200,9554208,ok,7263076,ok
10,5000,1300,10004880,ok,7606372,ok
10,5000,1400,10456096,ok,7949800,ok
10,5000,1500,10982156,over_10gb,8350296,ok
10,5000,1600,11433164,over_10gb,8693864,ok
10,5000,1700,11884388,over_10gb,9037292,ok
20,1000,0,1558332,ok,1490184,ok
20,1000,100,1770440,ok,1695328,ok
20,1000,200,1953324,ok,1870824,ok
20,1000,300,2166276,ok,2075560,ok
20,1000,400,2348836,ok,2251368,ok
20,1000,500,2531964,ok,2426984,ok
20,1000,600,2714648,ok,2602384,ok
20,1000,700,2927964,ok,2807400,ok
20,1000,800,3110708,ok,2982792,ok
20,1000,900,3293212,ok,3158408,ok
20,1000,1000,3475856,ok,3334248,ok
20,1000,1100,3688968,ok,3539172,ok
20,1000,1200,3871624,ok,3714788,ok
20,1000,1300,4054132,ok,3890276,ok
20,1000,1400,4236816,ok,4065892,ok
20,1000,1500,4449408,ok,4270816,ok
20,1000,1600,4632448,ok,4446436,ok
20,1000,1700,4814920,ok,4622048,ok
20,1000,1800,4997256,ok,4797664,ok
20,1000,1900,5210624,ok,5002468,ok
20,1000,2000,5393072,ok,5177832,ok
20,1000,2100,5575440,ok,5353700,ok
20,1000,2200,5758336,ok,5529320,ok
20,1000,2300,5971212,ok,5734020,ok
20,1000,2400,6153984,ok,5909732,ok
20,1000,2500,6336656,ok,6085352,ok
20,1000,2600,6518088,ok,6260968,ok
20,1000,2700,6729932,ok,6465700,ok
20,1000,2800,6912592,ok,6641264,ok
20,1000,2900,7095264,ok,6816976,ok
20,1000,3000,7277916,ok,6992740,ok
20,1000,3100,7491044,ok,7197540,ok
20,1000,3200,7673608,ok,7373156,ok
20,1000,3300,7856332,ok,7548772,ok
20,1000,3400,8039008,ok,7724392,ok
20,1000,3500,8252132,ok,7929316,ok
20,1000,3600,8434784,ok,8104804,ok
20,1000,3700,8617440,ok,8280420,ok
20,1000,3800,8800220,ok,8456036,ok
20,1000,3900,9013044,ok,8660964,ok
20,1000,4000,9195796,ok,8836576,ok
20,1100,0,1757760,ok,1630048,ok
20,1100,100,1986124,ok,1854308,ok
20,1100,200,2183088,ok,2046436,ok
20,1100,300,2412492,ok,2270564,ok
20,1100,400,2609064,ok,2462692,ok
20,1100,500,2805884,ok,2654620,ok
20,1100,600,3002520,ok,2846804,ok
20,1100,700,3232092,ok,3070752,ok
20,1100,800,3428724,ok,3263208,ok
20,1100,900,3625108,ok,3455336,ok
20,1100,1000,3821840,ok,3647464,ok
20,1100,1100,4055036,ok,3871592,ok
20,1100,1200,4255860,ok,4063720,ok
20,1100,1300,4456588,ok,4255848,ok
20,1100,1400,4657308,ok,4447820,ok
20,1100,1500,4891612,ok,4672224,ok
20,1100,1600,5092584,ok,4864352,ok
20,1100,1700,5293328,ok,5056480,ok
20,1100,1800,5494064,ok,5248484,ok
20,1100,1900,5728304,ok,5472740,ok
20,1100,2000,5929168,ok,5664868,ok
20,1100,2100,6129596,ok,5856744,ok
20,1100,2200,6330656,ok,6048852,ok
20,1100,2300,6565020,ok,6273256,ok
20,1100,2400,6765528,ok,6465384,ok
20,1100,2500,6966176,ok,6657508,ok
20,1100,2600,7166408,ok,6849636,ok
20,1100,2700,7399592,ok,7073512,ok
20,1100,2800,7600552,ok,7265892,ok
20,1100,2900,7801384,ok,7458020,ok
20,1100,3000,8002212,ok,7650148,ok
20,1100,3100,8236584,ok,7874280,ok
20,1100,3200,8437240,ok,8066408,ok
20,1100,3300,8638040,ok,8258496,ok
20,1100,3400,8839080,ok,8450516,ok
20,1100,3500,9073440,ok,8674784,ok
20,1100,3600,9274280,ok,8866912,ok
20,1100,3700,9475104,ok,9058796,ok
20,1100,3800,9675952,ok,9251004,ok
20,1100,3900,9910312,ok,9475296,ok
20,1100,4000,10110928,ok,9667424,ok
20,1200,0,1866048,ok,1768452,ok
20,1200,100,2120576,ok,2011656,ok
20,1200,200,2339824,ok,2220036,ok
20,1200,300,2595644,ok,2463240,ok
20,1200,400,2814696,ok,2671748,ok
20,1200,500,3033632,ok,2880136,ok
20,1200,600,3252856,ok,3088644,ok
20,1200,700,3508576,ok,3331844,ok
20,1200,800,3727680,ok,3540008,ok
20,1200,900,3946436,ok,3748740,ok
20,1200,1000,4165324,ok,3957124,ok
20,1200,1100,4421244,ok,4200328,ok
20,1200,1200,4639992,ok,4408840,ok
20,1200,1300,4859152,ok,4617220,ok
20,1200,1400,5078044,ok,4825736,ok
20,1200,1500,5333596,ok,5068940,ok
20,1200,1600,5552620,ok,5277192,ok
20,1200,1700,5771408,ok,5485836,ok
20,1200,1800,5990576,ok,5694200,ok
20,1200,1900,6245936,ok,5937540,ok
20,1200,2000,6464848,ok,6145924,ok
20,1200,2100,6683756,ok,6354440,ok
20,1200,2200,6902680,ok,6562820,ok
20,1200,2300,7158556,ok,6806020,ok
20,1200,2400,7377600,ok,7014532,ok
20,1200,2500,7596376,ok,7222920,ok
20,1200,2600,7814476,ok,7431432,ok
20,1200,2700,8069032,ok,7674628,ok
20,1200,2800,8288548,ok,7883020,ok
20,1200,2900,8507304,ok,8091528,ok
20,1200,3000,8726568,ok,8299916,ok
20,1200,3100,8982060,ok,8543084,ok
20,1200,3200,9201020,ok,8751488,ok
20,1200,3300,9419900,ok,8960008,ok
20,1200,3400,9639052,ok,9168520,ok
20,1200,3500,9894564,ok,9411716,ok
20,1200,3600,10113380,ok,9620104,ok
20,1200,3700,10332836,ok,9828612,ok
20,1200,3800,10551988,over_10gb,10037000,ok
20,1200,3900,10807488,over_10gb,10280196,ok
20,1200,4000,11026396,over_10gb,10488708,over_10gb
20,1300,0,2019776,ok,1904856,ok
20,1300,100,2295956,ok,2167048,ok
20,1300,200,2533228,ok,2391684,ok
20,1300,300,2810048,ok,2653700,ok
20,1300,400,3047268,ok,2878212,ok
20,1300,500,3284636,ok,3102856,ok
20,1300,600,3521908,ok,3327488,ok
20,1300,700,3798752,ok,3589508,ok
20,1300,800,4036032,ok,3814016,ok
20,1300,900,4273120,ok,4038660,ok
20,1300,1000,4510168,ok,4263080,ok
20,1300,1100,4787064,ok,4525316,ok
20,1300,1200,5024244,ok,4749832,ok
20,1300,1300,5261708,ok,4974472,ok
20,1300,1400,5498784,ok,5198876,ok
20,1300,1500,5775324,ok,5460944,ok
20,1300,1600,6012780,ok,5685640,ok
20,1300,1700,6249740,ok,5910280,ok
20,1300,1800,6486868,ok,6134920,ok
20,1300,1900,6763700,ok,6396932,ok
20,1300,2000,7000788,ok,6621296,ok
20,1300,2100,7237992,ok,6846088,ok
20,1300,2200,7474908,ok,7070724,ok
20,1300,2300,7752088,ok,7332492,ok
20,1300,2400,7989188,ok,7557252,ok
20,1300,2500,8226420,ok,7781656,ok
20,1300,2600,8462892,ok,8006284,ok
20,1300,2700,8738852,ok,8268552,ok
20,1300,2800,8975968,ok,8493068,ok
20,1300,2900,9213260,ok,8717708,ok
20,1300,3000,9450788,ok,8942348,ok
20,1300,3100,9727400,ok,9204360,ok
20,1300,3200,9964792,ok,9428872,ok
20,1300,3300,10201852,ok,9653512,ok
20,1300,3400,10438948,ok,9878152,ok
20,1300,3500,10715808,over_10gb,10140168,ok
20,1300,3600,10952868,over_10gb,10364680,ok
20,1300,3700,11190304,over_10gb,10589316,over_10gb
20,1400,0,2173628,ok,2040068,ok
20,1400,100,2471056,ok,2320456,ok
20,1400,200,2726636,ok,2561160,ok
20,1400,300,3024704,ok,2841864,ok
20,1400,400,3279976,ok,3082368,ok
20,1400,500,3535520,ok,3322748,ok
20,1400,600,3790968,ok,3563524,ok
20,1400,700,4089056,ok,3844096,ok
20,1400,800,4344508,ok,4084612,ok
20,1400,900,4599800,ok,4325252,ok
20,1400,1000,4855112,ok,4565508,ok
20,1400,1100,5153148,ok,4846340,ok
20,1400,1200,5408632,ok,5086984,ok
20,1400,1300,5664016,ok,5327496,ok
20,1400,1400,5919264,ok,5568012,ok
20,1400,1500,6217308,ok,5848588,ok
20,1400,1600,6472680,ok,6089224,ok
20,1400,1700,6728080,ok,6329736,ok
20,1400,1800,6983472,ok,6570252,ok
20,1400,1900,7281456,ok,6850776,ok
20,1400,2000,7536852,ok,7091460,ok
20,1400,2100,7792108,ok,7331976,ok
20,1400,2200,8047520,ok,7572488,ok
20,1400,2300,8345496,ok,7853192,ok
20,1400,2400,8600928,ok,8093704,ok
20,1400,2500,8856296,ok,8334212,ok
20,1400,2600,9111244,ok,8574856,ok
20,1400,2700,9408676,ok,8855432,ok
20,1400,2800,9664036,ok,9095944,ok
20,1400,2900,9919524,ok,9336588,ok
20,1400,3000,10174656,ok,9577100,ok
20,1400,3100,10472872,ok,9857672,ok
20,1400,3200,10728316,over_10gb,10098312,ok
20,1400,3300,10983676,over_10gb,10338824,ok
20,1400,3400,11239080,over_10gb,10579336,over_10gb
20,1500,0,2327488,ok,2173444,ok
20,1500,100,2646160,ok,2472456,ok
20,1500,200,2919920,ok,2728708,ok
20,1500,300,3239228,ok,3027844,ok
20,1500,400,3512808,ok,3283924,ok
20,1500,500,3786400,ok,3540360,ok
20,1500,600,4060152,ok,3796712,ok
20,1500,700,4379360,ok,4095744,ok
20,1500,800,4652992,ok,4352000,ok
20,1500,900,4926584,ok,4608256,ok
20,1500,1000,5200084,ok,4864640,ok
20,1500,1100,5519356,ok,5163476,ok
20,1500,1200,5792756,ok,5419912,ok
20,1500,1300,6066448,ok,5676172,ok
20,1500,1400,6339872,ok,5932424,ok
20,1500,1500,6659292,ok,6231560,ok
20,1500,1600,6932844,ok,6487948,ok
20,1500,1700,7206152,ok,6744204,ok
20,1500,1800,7479984,ok,7000460,ok
20,1500,1900,7798964,ok,7299464,ok
20,1500,2000,8072656,ok,7555848,ok
20,1500,2100,8346088,ok,7811872,ok
20,1500,2200,8619808,ok,8068336,ok
20,1500,2300,8939164,ok,8367496,ok
20,1500,2400,9212740,ok,8623752,ok
20,1500,2500,9486308,ok,8880136,ok
20,1500,2600,9759232,ok,9136392,ok
20,1500,2700,10077976,ok,9435400,ok
20,1500,2800,10351820,ok,9691656,ok
20,1500,2900,10625704,over_10gb,9948040,ok
20,1500,3000,10899004,over_10gb,10204300,ok
20,1500,3100,11218476,over_10gb,10503308,over_10gb
20,1600,0,2481084,ok,2305280,ok
20,1600,100,2821524,ok,2622336,ok
20,1600,200,3113196,ok,2894344,ok
20,1600,300,3453760,ok,3211528,ok
20,1600,400,3745276,ok,3483240,ok
20,1600,500,4037276,ok,3755272,ok
20,1600,600,4329080,ok,4027136,ok
20,1600,700,4669404,ok,4344324,ok
20,1600,800,4961340,ok,4615940,ok
20,1600,900,5253236,ok,4888064,ok
20,1600,1000,5544792,ok,5159940,ok
20,1600,1100,5885308,ok,5477124,ok
20,1600,1200,6177016,ok,5748996,ok
20,1600,1300,6468752,ok,6020872,ok
20,1600,1400,6760360,ok,6292748,ok
20,1600,1500,7101020,ok,6609928,ok
20,1600,1600,7393004,ok,6881804,ok
20,1600,1700,7684496,ok,7153676,ok
20,1600,1800,7976364,ok,7425544,ok
20,1600,1900,8316724,ok,7742728,ok
20,1600,2000,8608312,ok,8014612,ok
20,1600,2100,8900332,ok,8286468,ok
20,1600,2200,9191968,ok,8558340,ok
20,1600,2300,9532696,ok,8875656,ok
20,1600,2400,9824224,ok,9147524,ok
20,1600,2500,10116324,ok,9419400,ok
20,1600,2600,10407628,ok,9691272,ok
20,1600,2700,10747812,over_10gb,10008304,ok
20,1600,2800,11039656,over_10gb,10280328,ok
20,1600,2900,11331752,over_10gb,10552204,over_10gb
20,1700,0,2634940,ok,2435280,ok
20,1700,100,2996624,ok,2770568,ok
20,1700,200,3306608,ok,3057800,ok
20,1700,300,3668288,ok,3392904,ok
20,1700,400,3978212,ok,3680260,ok
20,1700,500,4288160,ok,3967496,ok
20,1700,600,4598136,ok,4254724,ok
20,1700,700,4959836,ok,4589828,ok
20,1700,800,5269820,ok,4877184,ok
20,1700,900,5579520,ok,5164416,ok
20,1700,1000,5889748,ok,5451652,ok
20,1700,1100,6251388,ok,5786756,ok
20,1700,1200,6561400,ok,6073992,ok
20,1700,1300,6871312,ok,6361348,ok
20,1700,1400,7181084,ok,6648328,ok
20,1700,1500,7542876,ok,6983692,ok
20,1700,1600,7852908,ok,7270920,ok
20,1700,1700,8162832,ok,7558216,ok
20,1700,1800,8472880,ok,7845516,ok
20,1700,1900,8834380,ok,8180616,ok
20,1700,2000,9144524,ok,8467848,ok
20,1700,2100,9454352,ok,8755076,ok
20,1700,2200,9764388,ok,9042180,ok
20,1700,2300,10126108,ok,9377540,ok
20,1700,2400,10435908,ok,9664776,ok
20,1700,2500,10746088,over_10gb,9951860,ok
20,1700,2600,11056076,over_10gb,10239368,ok
20,1700,2700,11417424,over_10gb,10574344,over_10gb
20,1800,0,2798012,ok,2563840,ok
20,1800,100,3181972,ok,2916868,ok
20,1800,200,3510768,ok,3219332,ok
20,1800,300,3893692,ok,3572232,ok
20,1800,400,4221288,ok,3874692,ok
20,1800,500,4549352,ok,4177156,ok
20,1800,600,4877556,ok,4479364,ok
20,1800,700,5260508,ok,4832388,ok
20,1800,800,5588412,ok,5134848,ok
20,1800,900,5916280,ok,5437080,ok
20,1800,1000,6241900,ok,5739776,ok
20,1800,1100,6625276,ok,6092528,ok
20,1800,1200,6953592,ok,6395144,ok
20,1800,1300,7281680,ok,6697476,ok
20,1800,1400,7610016,ok,6999732,ok
20,1800,1500,7993048,ok,7352640,ok
20,1800,1600,8321004,ok,7655308,ok
20,1800,1700,8649232,ok,7957772,ok
20,1800,1800,8977712,ok,8260236,ok
20,1800,1900,9360692,ok,8612928,ok
20,1800,2000,9688788,ok,8915304,ok
20,1800,2100,10017000,ok,9217928,ok
20,1800,2200,10345252,ok,9520388,ok
20,1800,2300,10728084,over_10gb,9873284,ok
20,1800,2400,11056452,over_10gb,10175624,ok
20,1800,2500,11384804,over_10gb,10478212,ok
20,1900,0,2952000,ok,2691076,ok
20,1900,100,3357076,ok,3061384,ok
20,1900,200,3704048,ok,3378824,ok
20,1900,300,4107968,ok,3749256,ok
20,1900,400,4453988,ok,4066688,ok
20,1900,500,4800288,ok,4383896,ok
20,1900,600,5146616,ok,4701568,ok
20,1900,700,5550816,ok,5071876,ok
20,1900,800,5896896,ok,5389440,ok
20,1900,900,6242936,ok,5706884,ok
20,1900,1000,6587096,ok,6024320,ok
20,1900,1100,6991356,ok,6394628,ok
20,1900,1200,7337720,ok,6712072,ok
20,1900,1300,7684112,ok,7029640,ok
20,1900,1400,8030620,ok,7347080,ok
20,1900,1500,8435036,ok,7717384,ok
20,1900,1600,8781032,ok,8034824,ok
20,1900,1700,9127492,ok,8352264,ok
20,1900,1800,9474096,ok,8669700,ok
20,1900,1900,9878324,ok,9040136,ok
20,1900,2000,10224720,ok,9357576,ok
20,1900,2100,10570900,over_10gb,9674824,ok
20,1900,2200,10917408,over_10gb,9992456,ok
20,1900,2300,11321500,over_10gb,10362884,ok
20,2000,0,3105856,ok,2816384,ok
20,2000,100,3532052,ok,3203900,ok
20,2000,200,3896944,ok,3536260,ok
20,2000,300,4322240,ok,3923976,ok
20,2000,400,4686436,ok,4256012,ok
20,2000,500,5050908,ok,4588548,ok
20,2000,600,5415672,ok,4920836,ok
20,2000,700,5840732,ok,5308188,ok
20,2000,800,6205120,ok,5640704,ok
20,2000,900,6569592,ok,5972992,ok
20,2000,1000,6931704,ok,6305280,ok
20,2000,1100,7357104,ok,6692872,ok
20,2000,1200,7722104,ok,7025160,ok
20,2000,1300,8086672,ok,7357448,ok
20,2000,1400,8451120,ok,7689736,ok
20,2000,1500,8876636,ok,8077320,ok
20,2000,1600,9240992,ok,8409608,ok
20,2000,1700,9605868,ok,8741896,ok
20,2000,1800,9970480,ok,9074052,ok
20,2000,1900,10395824,ok,9461764,ok
20,2000,2000,10760528,over_10gb,9793832,ok
20,2000,2100,11125100,over_10gb,10126344,ok
20,2000,2200,11489696,over_10gb,10458628,ok
20,2100,0,3259456,ok,2939968,ok
20,2100,100,3707028,ok,3344720,ok
20,2100,200,4090224,ok,3691612,ok
20,2100,300,4536640,ok,4096520,ok
20,2100,400,4919016,ok,4443396,ok
20,2100,500,5301792,ok,4790280,ok
20,2100,600,5684340,ok,5136960,ok
20,2100,700,6131040,ok,5541892,ok
20,2100,800,6513472,ok,5888772,ok
20,2100,900,6895988,ok,6235652,ok
20,2100,1000,7276760,ok,6582532,ok
20,2100,1100,7723516,ok,6987268,ok
20,2100,1200,8106488,ok,7334152,ok
20,2100,1300,8489228,ok,7681028,ok
20,2100,1400,8871960,ok,8027916,ok
20,2100,1500,9318616,ok,8432652,ok
20,2100,1600,9701356,ok,8779532,ok
20,2100,1700,10084108,ok,9126236,ok
20,2100,1800,10466992,ok,9473288,ok
20,2100,1900,10913456,over_10gb,9878024,ok
20,2100,2000,11296212,over_10gb,10224904,ok
20,2100,2100,11678956,over_10gb,10571784,over_10gb
20,2200,0,3511740,ok,3062276,ok
20,2200,100,3971472,ok,3483912,ok
20,2200,200,4365040,ok,3845112,ok
20,2200,300,4823744,ok,4266756,ok
20,2200,400,5216612,ok,4628096,ok
20,2200,500,5609760,ok,4989444,ok
20,2200,600,6003064,ok,5350616,ok
20,2200,700,6461792,ok,5772288,ok
20,2200,800,6854720,ok,6133632,ok
20,2200,900,7247860,ok,6494976,ok
20,2200,1000,7639040,ok,6856324,ok
20,2200,1100,8098028,ok,7277832,ok
20,2200,1200,8491508,ok,7638920,ok
20,2200,1300,8891428,ok,8000520,ok
20,2200,1400,9292580,ok,8361868,ok
20,2200,1500,9760596,ok,8783368,ok
20,2200,1600,10161036,ok,9144716,ok
20,2200,1700,10562428,over_10gb,9506060,ok
20,2200,1800,10963232,over_10gb,9867148,ok
20,2200,1900,11431204,over_10gb,10288828,ok
20,2300,0,3567260,ok,3182852,ok
20,2300,100,4057036,ok,3621128,ok
20,2300,200,4476408,ok,3996680,ok
20,2300,300,4965364,ok,4434824,ok
20,2300,400,5384320,ok,4810372,ok
20,2300,500,5803128,ok,5185924,ok
20,2300,600,6222408,ok,5561476,ok
20,2300,700,6711300,ok,5999748,ok
20,2300,800,7130192,ok,6375300,ok
20,2300,900,7549276,ok,6750848,ok
20,2300,1000,7966764,ok,7126400,ok
20,2300,1100,8455656,ok,7564548,ok
20,2300,1200,8874920,ok,7940100,ok
20,2300,1300,9293856,ok,8315656,ok
20,2300,1400,9713024,ok,8691180,ok
20,2300,1500,10202148,ok,9129480,ok
20,2300,1600,10621096,over_10gb,9505032,ok
20,2300,1700,11040640,over_10gb,9880588,ok
20,2300,1800,11459604,over_10gb,10256136,ok
20,2400,0,3721120,ok,3301892,ok
20,2400,100,4232012,ok,3756420,ok
20,2400,200,4669564,ok,4145880,ok
20,2400,300,5179760,ok,4600580,ok
20,2400,400,5616640,ok,4990208,ok
20,2400,500,6054008,ok,5379844,ok
20,2400,600,6491336,ok,5769332,ok
20,2400,700,7001236,ok,6224004,ok
20,2400,800,7438540,ok,6613632,ok
20,2400,900,7875800,ok,7003268,ok
20,2400,1000,8311472,ok,7392896,ok
20,2400,1100,8821868,ok,7847556,ok
20,2400,1200,9259160,ok,8237192,ok
20,2400,1300,9696544,ok,8626820,ok
20,2400,1400,10133796,ok,9016332,ok
20,2400,1500,10644184,over_10gb,9470988,ok
20,2400,1600,11081448,over_10gb,9860408,ok
20,2400,1700,11518704,over_10gb,10250028,ok
20,2500,0,3874704,ok,3495684,ok
20,2500,100,4406856,ok,3954440,ok
20,2500,200,4862712,ok,4347656,ok
20,2500,300,5394164,ok,4806408,ok
20,2500,400,5849344,ok,5199620,ok
20,2500,500,6304532,ok,5592836,ok
20,2500,600,6760268,ok,5986052,ok
20,2500,700,7291356,ok,6445384,ok
20,2500,800,7746868,ok,6848840,ok
20,2500,900,8202332,ok,7252420,ok
20,2500,1000,8656432,ok,7655704,ok
20,2500,1100,9187948,ok,8126664,ok
20,2500,1200,9643556,ok,8530120,ok
20,2500,1300,10098848,ok,8933576,ok
20,2500,1400,10554536,over_10gb,9337164,ok
20,2500,1500,11085828,over_10gb,9807720,ok
20,2500,1600,11541104,over_10gb,10211276,ok
20,2600,0,4028832,ok,3534920,ok
20,2600,100,4581704,ok,4021704,ok
20,2600,200,5055800,ok,4438856,ok
20,2600,300,5608248,ok,4925512,ok
20,2600,400,6081920,ok,5342664,ok
20,2600,500,6555512,ok,5759816,ok
20,2600,600,7029056,ok,6177092,ok
20,2600,700,7581952,ok,6663748,ok
20,2600,800,8055504,ok,7080900,ok
20,2600,900,8528988,ok,7498056,ok
20,2600,1000,9001520,ok,7915204,ok
20,2600,1100,9554156,ok,8401988,ok
20,2600,1200,10027500,ok,8819144,ok
20,2600,1300,10501412,over_10gb,9236296,ok
20,2600,1400,10975272,over_10gb,9653452,ok
20,2600,1500,11528020,over_10gb,10140108,ok
20,2700,0,4196380,ok,3649096,ok
20,2700,100,4770632,ok,4151496,ok
20,2700,200,5262420,ok,4582216,ok
20,2700,300,5836404,ok,5084416,ok
20,2700,400,6328188,ok,5515336,ok
20,2700,500,6819836,ok,5945932,ok
20,2700,600,7311948,ok,6376644,ok
20,2700,700,7885332,ok,6879044,ok
20,2700,800,8377292,ok,7309396,ok
20,2700,900,8869212,ok,7740356,ok
20,2700,1000,9359920,ok,8170948,ok
20,2700,1100,9933800,ok,8673480,ok
20,2700,1200,10425636,ok,9104068,ok
20,2700,1300,10916988,over_10gb,9534796,ok
20,2700,1400,11408488,over_10gb,9965256,ok
20,2700,1500,11982212,over_10gb,10467784,ok
20,2800,0,4336288,ok,3761612,ok
20,2800,100,4931784,ok,4279620,ok
20,2800,200,5442168,ok,4723528,ok
20,2800,300,6036936,ok,5241340,ok
20,2800,400,6546944,ok,5685452,ok
20,2800,500,7057016,ok,6129352,ok
20,2800,600,7567048,ok,6573380,ok
20,2800,700,8162176,ok,7091272,ok
20,2800,800,8672080,ok,7535304,ok
20,2800,900,9181916,ok,7979092,ok
20,2800,1000,9691180,ok,8423240,ok
20,2800,1100,10286064,ok,8941128,ok
20,2800,1200,10796452,over_10gb,9385028,ok
20,2800,1300,11306528,over_10gb,9829064,ok
20,2800,1400,11816484,over_10gb,10272968,ok
20,2900,0,4490272,ok,3872588,ok
20,2900,100,5106636,ok,4405680,ok
20,2900,200,5635324,ok,4862924,ok
20,2900,300,6251508,ok,5396168,ok
20,2900,400,6779444,ok,5853260,ok
20,2900,500,7307840,ok,6310220,ok
20,2900,600,7836104,ok,6767304,ok
20,2900,700,8452216,ok,7300548,ok
20,2900,800,8980560,ok,7757636,ok
20,2900,900,9508440,ok,8214724,ok
20,2900,1000,10035888,ok,8671816,ok
20,2900,1100,10652524,over_10gb,9204684,ok
20,2900,1200,11180712,over_10gb,9662020,ok
20,2900,1300,11708704,over_10gb,10119116,ok
20,3000,0,4643980,ok,3981896,ok
20,3000,100,5281864,ok,4530104,ok
20,3000,200,5828152,ok,5000264,ok
20,3000,300,6465776,ok,5548460,ok
20,3000,400,7012352,ok,6018508,ok
20,3000,500,7558524,ok,6488524,ok
20,3000,600,8105032,ok,6958532,ok
20,3000,700,8742404,ok,7506756,ok
20,3000,800,9288784,ok,7976644,ok
20,3000,900,9835224,ok,8446788,ok
20,3000,1000,10381100,ok,8916676,ok
20,3000,1100,11018476,over_10gb,9465028,ok
20,3000,1200,11564712,over_10gb,9934872,ok
20,3000,1300,12111264,over_10gb,10405064,ok
20,3100,0,4797856,ok,4089672,ok
20,3100,100,5456844,ok,4652872,ok
20,3100,200,6021500,ok,5135312,ok
20,3100,300,6680180,ok,5698592,ok
20,3100,400,7244540,ok,6181448,ok
20,3100,500,7809272,ok,6664140,ok
20,3100,600,8373816,ok,7146592,ok
20,3100,700,9032580,ok,7710024,ok
20,3100,800,9597136,ok,8192488,ok
20,3100,900,10161756,ok,8675396,ok
20,3100,1000,10725808,over_10gb,9158088,ok
20,3100,1100,11384556,over_10gb,9721288,ok
20,3100,1200,11949232,over_10gb,10203976,ok
20,3200,0,4951708,ok,4195788,ok
20,3200,100,5631692,ok,4773416,ok
20,3200,200,6214648,ok,5268812,ok
20,3200,300,6894416,ok,5846600,ok
20,3200,400,7477144,ok,6341964,ok
20,3200,500,8060152,ok,6836956,ok
20,3200,600,8642592,ok,7332288,ok
20,3200,700,9322604,ok,7910212,ok
20,3200,800,9905480,ok,8405228,ok
20,3200,900,10488284,over_10gb,8900532,ok
20,3200,1000,11070576,over_10gb,9395912,ok
20,3200,1100,11750636,over_10gb,9973700,ok
20,3300,0,5105564,ok,4300360,ok
20,3300,100,5806580,ok,4892388,ok
20,3300,200,6407692,ok,5400140,ok
20,3300,300,7108852,ok,5992208,ok
20,3300,400,7709952,ok,6499916,ok
20,3300,500,8310908,ok,7007560,ok
20,3300,600,8911816,ok,7515000,ok
20,3300,700,9612804,ok,8107332,ok
20,3300,800,10213964,ok,8614984,ok
20,3300,900,10814712,over_10gb,9122384,ok
20,3300,1000,11415672,over_10gb,9630152,ok
20,3300,1100,12116844,over_10gb,10222408,ok
20,3400,0,5259552,ok,4403036,ok
20,3400,100,5981604,ok,5009736,ok
20,3400,200,6600488,ok,5529188,ok
20,3400,300,7323252,ok,6135880,ok
20,3400,400,7942284,ok,6655424,ok
20,3400,500,8561404,ok,7175208,ok
20,3400,600,9180644,ok,7694836,ok
20,3400,700,9903108,ok,8301508,ok
20,3400,800,10522192,over_10gb,8821060,ok
20,3400,900,11141596,over_10gb,9340800,ok
20,3400,1000,11760428,over_10gb,9860616,ok
20,3500,0,5432888,ok,4504648,ok
20,3500,100,6177608,ok,5124712,ok
20,3500,200,6811472,ok,5656524,ok
20,3500,300,7556720,ok,6277068,ok
20,3500,400,8194488,ok,6808564,ok
20,3500,500,8832892,ok,7340492,ok
20,3500,600,9468616,ok,7872324,ok
20,3500,700,10211708,ok,8492612,ok
20,3500,800,10849488,over_10gb,9024328,ok
20,3500,900,11488860,over_10gb,9556040,ok
20,3500,1000,12127276,over_10gb,10087880,ok
20,3600,0,5586488,ok,4604360,ok
20,3600,100,6352712,ok,5238472,ok
20,3600,200,7004924,ok,5781964,ok
20,3600,300,7770996,ok,6415832,ok
20,3600,400,8427008,ok,6959560,ok
20,3600,500,9083512,ok,7503048,ok
20,3600,600,9737548,ok,8046664,ok
20,3600,700,10502020,over_10gb,8680776,ok
20,3600,800,11157964,over_10gb,9224260,ok
20,3600,900,11815516,over_10gb,9767748,ok
20,3700,0,5740572,ok,4702408,ok
20,3700,100,6527692,ok,5350088,ok
20,3700,200,7198332,ok,5905228,ok
20,3700,300,7985392,ok,6552780,ok
20,3700,400,8659708,ok,7107916,ok
20,3700,500,9334268,ok,7663048,ok
20,3700,600,10006600,ok,8218184,ok
20,3700,700,10792196,over_10gb,8865736,ok
20,3700,800,11466444,over_10gb,9420868,ok
20,3700,900,12142172,over_10gb,9976008,ok
20,3800,0,5894300,ok,4799052,ok
20,3800,100,6702664,ok,5459664,ok
20,3800,200,7391352,ok,6026444,ok
20,3800,300,8199796,ok,6687068,ok
20,3800,400,8892284,ok,7253836,ok
20,3800,500,9584976,ok,7820360,ok
20,3800,600,10275656,ok,8386888,ok
20,3800,700,11082496,over_10gb,9047640,ok
20,3800,800,11774928,over_10gb,9614404,ok
20,3800,900,12468572,over_10gb,10180804,ok
20,3900,0,6048156,ok,4893644,ok
20,3900,100,6877516,ok,5567940,ok
20,3900,200,7584760,ok,6145612,ok
20,3900,300,8414192,ok,6819496,ok
20,3900,400,9124864,ok,7397452,ok
20,3900,500,9836024,ok,7975116,ok
20,3900,600,10544588,over_10gb,8552904,ok
20,3900,700,11372800,over_10gb,9226820,ok
20,3900,800,12082980,over_10gb,9804616,ok
20,4000,0,6202012,ok,4987028,ok
20,4000,100,7052364,ok,5673820,ok
20,4000,200,7777844,ok,6262692,ok
20,4000,300,8628720,ok,6949704,ok
20,4000,400,9357440,ok,7538296,ok
20,4000,500,10086648,ok,8127180,ok
20,4000,600,10813644,over_10gb,8715976,ok
20,4000,700,11662620,over_10gb,9402696,ok
20,4000,800,12391628,over_10gb,9991620,ok
20,4100,0,6355872,ok,5078736,ok
20,4100,100,7227500,ok,5778500,ok
20,4100,200,7971060,ok,6378060,ok
20,4100,300,8843124,ok,7077580,ok
20,4100,400,9589960,ok,7677128,ok
20,4100,500,10337400,ok,8276684,ok
20,4100,600,11082700,over_10gb,8876356,ok
20,4100,700,11953156,over_10gb,9575880,ok
20,4100,800,12699936,over_10gb,10175428,ok
20,4200,0,6509396,ok,5169096,ok
20,4200,100,7402444,ok,5880900,ok
20,4200,200,8164472,ok,6491212,ok
20,4200,300,9057776,ok,7203148,ok
20,4200,400,9822848,ok,7813448,ok
20,4200,500,10588156,over_10gb,8423628,ok
20,4200,600,11351616,over_10gb,9033644,ok
20,4200,700,12243460,over_10gb,9745864,ok
20,4300,0,6663324,ok,5257548,ok
20,4300,100,7577540,ok,5981640,ok
20,4300,200,8357708,ok,6602188,ok
20,4300,300,9272048,ok,7326540,ok
20,4300,400,10055292,ok,7947028,ok
20,4300,500,10838904,over_10gb,8567884,ok
20,4300,600,11620556,over_10gb,9188312,ok
20,4300,700,12533760,over_10gb,9912772,ok
20,4400,0,7020956,ok,5344456,ok
20,4400,100,7939272,ok,6080584,ok
20,4400,200,8723196,ok,6711496,ok
20,4400,300,9641584,ok,7447624,ok
20,4400,400,10428416,ok,8078536,ok
20,4400,500,11215612,over_10gb,8709580,ok
20,4400,600,12000968,over_10gb,9340488,ok
20,4400,700,12918020,over_10gb,10076612,ok
20,4500,0,7020960,ok,5429704,ok
20,4500,100,7939276,ok,6177604,ok
20,4500,200,8744280,ok,6818504,ok
20,4500,300,9701068,ok,7566536,ok
20,4500,400,10520436,over_10gb,8207436,ok
20,4500,500,11340404,over_10gb,8848372,ok
20,4500,600,12158796,over_10gb,9489604,ok
20,4600,0,7124464,ok,5513208,ok
20,4600,100,8102452,ok,6272840,ok
20,4600,200,8937560,ok,6923480,ok
20,4600,300,9915472,ok,7682972,ok
20,4600,400,10753100,over_10gb,8334156,ok
20,4600,500,11591368,over_10gb,8985032,ok
20,4600,600,12427380,over_10gb,9635912,ok
20,4700,0,7278536,ok,5595396,ok
20,4700,100,8277428,ok,6366276,ok
20,4700,200,9130964,ok,7026868,ok
20,4700,300,10129872,ok,7797452,ok
20,4700,400,10985808,over_10gb,8458312,ok
20,4700,500,11841992,over_10gb,9118924,ok
20,4700,600,12696480,over_10gb,9779528,ok
20,4800,0,7432240,ok,5675980,ok
20,4800,100,8452536,ok,6457800,ok
20,4800,200,9323912,ok,7128012,ok
20,4800,300,10344400,ok,7909708,ok
20,4800,400,11218512,over_10gb,8579664,ok
20,4800,500,12092872,over_10gb,9250124,ok
20,4800,600,12965708,over_10gb,9920196,ok
20,4900,0,7586120,ok,5754956,ok
20,4900,100,8627384,ok,6547656,ok
20,4900,200,9517196,ok,7226920,ok
20,4900,300,10558928,over_10gb,8019788,ok
20,4900,400,11451084,over_10gb,8699208,ok
20,4900,500,12343752,over_10gb,9378440,ok
20,5000,0,7739848,ok,5832268,ok
20,5000,100,8802224,ok,6635592,ok
20,5000,200,9710680,ok,7324104,ok
20,5000,300,10773196,over_10gb,8127436,ok
20,5000,400,11683536,over_10gb,8816072,ok
20,5000,500,12594376,over_10gb,9504716,ok
30,1000,0,2335956,ok,2229332,ok
30,1000,100,2657548,ok,2537040,ok
30,1000,200,2932744,ok,2800724,ok
30,1000,300,3253944,ok,3108308,ok
30,1000,400,3529820,ok,3371988,ok
30,1000,500,3804952,ok,3635668,ok
30,1000,600,4080620,ok,3899352,ok
30,1000,700,4401884,ok,4207060,ok
30,1000,800,4677176,ok,4470740,ok
30,1000,900,4952680,ok,4734224,ok
30,1000,1000,5227716,ok,4998100,ok
30,1000,1100,5549116,ok,5305684,ok
30,1000,1200,5824856,ok,5569208,ok
30,1000,1300,6100176,ok,5832912,ok
30,1000,1400,6375444,ok,6096596,ok
30,1000,1500,6696240,ok,6404436,ok
30,1000,1600,6971356,ok,6668116,ok
30,1000,1700,7246708,ok,6931792,ok
30,1000,1800,7522368,ok,7195476,ok
30,1000,1900,7844040,ok,7503060,ok
30,1000,2000,8119056,ok,7766744,ok
30,1000,2100,8394736,ok,8030552,ok
30,1000,2200,8670360,ok,8294232,ok
30,1000,2300,8991364,ok,8601684,ok
30,1000,2400,9266904,ok,8865492,ok
30,1000,2500,9542316,ok,9128988,ok
30,1000,2600,9817852,ok,9392852,ok
30,1000,2700,10139332,ok,9700408,ok
30,1000,2800,10414276,ok,9964248,ok
30,1000,2900,10690144,over_10gb,10227928,ok
30,1000,3000,10965592,over_10gb,10491420,over_10gb
30,1000,3100,11286684,over_10gb,10799192,over_10gb
30,1100,0,2566224,ok,2438612,ok
30,1100,100,2919320,ok,2775060,ok
30,1100,200,3222024,ok,3063760,ok
30,1100,300,3575268,ok,3400276,ok
30,1100,400,3877976,ok,3688788,ok
30,1100,500,4180728,ok,3977304,ok
30,1100,600,4483432,ok,4265812,ok
30,1100,700,4836440,ok,4602456,ok
30,1100,800,5139276,ok,4890836,ok
30,1100,900,5441892,ok,5179092,ok
30,1100,1000,5744644,ok,5467608,ok
30,1100,1100,6097792,ok,5804496,ok
30,1100,1200,6400320,ok,6092884,ok
30,1100,1300,6703436,ok,6381396,ok
30,1100,1400,7005976,ok,6669908,ok
30,1100,1500,7358912,ok,7006304,ok
30,1100,1600,7661788,ok,7295060,ok
30,1100,1700,7964504,ok,7583444,ok
30,1100,1800,8267220,ok,7871960,ok
30,1100,1900,8620440,ok,8208596,ok
30,1100,2000,8922960,ok,8497112,ok
30,1100,2100,9225712,ok,8785456,ok
30,1100,2200,9528724,ok,9074008,ok
30,1100,2300,9881792,ok,9410644,ok
30,1100,2400,10184280,ok,9698908,ok
30,1100,2500,10487208,over_10gb,9987616,ok
30,1100,2600,10789884,over_10gb,10276176,ok
30,1100,2700,11143232,over_10gb,10612696,over_10gb
30,1200,0,2806996,ok,2645588,ok
30,1200,100,3191564,ok,3010768,ok
30,1200,200,3521544,ok,3323860,ok
30,1200,300,3906528,ok,3689044,ok
30,1200,400,4233948,ok,4002008,ok
30,1200,500,4563960,ok,4315096,ok
30,1200,600,4894188,ok,4628052,ok
30,1200,700,5279320,ok,4993240,ok
30,1200,800,5609164,ok,5306200,ok
30,1200,900,5938920,ok,5619284,ok
30,1200,1000,6268620,ok,5932244,ok
30,1200,1100,6654848,ok,6297272,ok
30,1200,1200,6985048,ok,6610512,ok
30,1200,1300,7315024,ok,6923472,ok
30,1200,1400,7644964,ok,7236560,ok
30,1200,1500,8030280,ok,7601744,ok
30,1200,1600,8360028,ok,7914708,ok
30,1200,1700,8689936,ok,8227792,ok
30,1200,1800,9019604,ok,8540756,ok
30,1200,1900,9404484,ok,8905944,ok
30,1200,2000,9734484,ok,9219032,ok
30,1200,2100,10064244,ok,9531988,ok
30,1200,2200,10394264,ok,9844948,ok
30,1200,2300,10778716,over_10gb,10210260,ok
30,1200,2400,11109080,over_10gb,10522988,over_10gb
30,1200,2500,11438760,over_10gb,10835956,over_10gb
30,1300,0,3037008,ok,2850128,ok
30,1300,100,3453320,ok,3243604,ok
30,1300,200,3810700,ok,3580884,ok
30,1300,300,4227556,ok,3974356,ok
30,1300,400,4582488,ok,4311636,ok
30,1300,500,4939764,ok,4648788,ok
30,1300,600,5297260,ok,4986072,ok
30,1300,700,5714264,ok,5379332,ok
30,1300,800,6071372,ok,5716824,ok
30,1300,900,6428144,ok,6054100,ok
30,1300,1000,6785464,ok,6391380,ok
30,1300,1100,7203076,ok,6784592,ok
30,1300,1200,7560668,ok,7122000,ok
30,1300,1300,7918160,ok,7459280,ok
30,1300,1400,8275348,ok,7796564,ok
30,1300,1500,8692296,ok,8189872,ok
30,1300,1600,9049440,ok,8527316,ok
30,1300,1700,9406804,ok,8864592,ok
30,1300,1800,9763796,ok,9201752,ok
30,1300,1900,10180424,ok,9595224,ok
30,1300,2000,10537552,over_10gb,9932500,ok
30,1300,2100,10894448,over_10gb,10269784,ok
30,1300,2200,11251992,over_10gb,10607064,over_10gb
30,1400,0,3267024,ok,3052068,ok
30,1400,100,3715080,ok,3473744,ok
30,1400,200,4099724,ok,3834964,ok
30,1400,300,4548324,ok,4256340,ok
30,1400,400,4930904,ok,4617560,ok
30,1400,500,5315580,ok,4978520,ok
30,1400,600,5700204,ok,5339992,ok
30,1400,700,6149080,ok,5761364,ok
30,1400,800,6533324,ok,6122580,ok
30,1400,900,6917604,ok,6483796,ok
30,1400,1000,7302276,ok,6845012,ok
30,1400,1100,7751556,ok,7266164,ok
30,1400,1200,8136408,ok,7627476,ok
30,1400,1300,8521040,ok,7988816,ok
30,1400,1400,8905624,ok,8349860,ok
30,1400,1500,9354156,ok,8771412,ok
30,1400,1600,9738720,ok,9132624,ok
30,1400,1700,10123224,ok,9493844,ok
30,1400,1800,10507864,over_10gb,9855064,ok
30,1400,1900,10956232,over_10gb,10276436,ok
30,1400,2000,11340628,over_10gb,10637656,over_10gb
30,1500,0,3503440,ok,3252052,ok
30,1500,100,3976804,ok,3701076,ok
30,1500,200,4388816,ok,4085964,ok
30,1500,300,4869128,ok,4534736,ok
30,1500,400,5279108,ok,4919896,ok
30,1500,500,5691080,ok,5304792,ok
30,1500,600,6103196,ok,5689684,ok
30,1500,700,6583768,ok,6138492,ok
30,1500,800,6995320,ok,6523352,ok
30,1500,900,7407044,ok,6908368,ok
30,1500,1000,7818736,ok,7293264,ok
30,1500,1100,8300100,ok,7742288,ok
30,1500,1200,8712192,ok,8127188,ok
30,1500,1300,9123968,ok,8512084,ok
30,1500,1400,9535788,ok,8896980,ok
30,1500,1500,10016436,ok,9345748,ok
30,1500,1600,10428164,ok,9730896,ok
30,1500,1700,10839740,over_10gb,10115796,ok
30,1500,1800,11251660,over_10gb,10500568,over_10gb
30,1500,1900,11731964,over_10gb,10949460,over_10gb
30,1600,0,3726884,ok,3485904,ok
30,1600,100,4238792,ok,3944660,ok
30,1600,200,4678096,ok,4337748,ok
30,1600,300,5190340,ok,4810160,ok
30,1600,400,5627876,ok,5218532,ok
30,1600,500,6067036,ok,5626856,ok
30,1600,600,6506064,ok,6035048,ok
30,1600,700,7018712,ok,6511336,ok
30,1600,800,7457700,ok,6919652,ok
30,1600,900,7896676,ok,7327808,ok
30,1600,1000,8335540,ok,7736164,ok
30,1600,1100,8848452,ok,8212452,ok
30,1600,1200,9287676,ok,8620584,ok
30,1600,1300,9726976,ok,9028964,ok
30,1600,1400,10166064,ok,9437288,ok
30,1600,1500,10678580,over_10gb,9913576,ok
30,1600,1600,11117568,over_10gb,10321892,ok
30,1600,1700,11556736,over_10gb,10730088,over_10gb
30,1700,0,3956900,ok,3644244,ok
30,1700,100,4500428,ok,4147684,ok
30,1700,200,4967120,ok,4579048,ok
30,1700,300,5510868,ok,5082212,ok
30,1700,400,5976288,ok,5513572,ok
30,1700,500,6442844,ok,5944932,ok
30,1700,600,6909208,ok,6376296,ok
30,1700,700,7453360,ok,6879588,ok
30,1700,800,7919652,ok,7310952,ok
30,1700,900,8385892,ok,7742136,ok
30,1700,1000,8852344,ok,8173668,ok
30,1700,1100,9396936,ok,8676968,ok
30,1700,1200,9863420,ok,9108172,ok
30,1700,1300,10329984,ok,9539688,ok
30,1700,1400,10796336,over_10gb,9971048,ok
30,1700,1500,11340244,over_10gb,10474344,ok
30,1700,1600,11806608,over_10gb,10905700,over_10gb
30,1800,0,4189988,ok,3836896,ok
30,1800,100,4763340,ok,4366824,ok
30,1800,200,5255920,ok,4820968,ok
30,1800,300,5831844,ok,5350884,ok
30,1800,400,6324480,ok,5804844,ok
30,1800,500,6818212,ok,6259172,ok
30,1800,600,7312156,ok,6713444,ok
30,1800,700,7888084,ok,7243248,ok
30,1800,800,8381856,ok,7697508,ok
30,1800,900,8875160,ok,8151440,ok
30,1800,1000,9369008,ok,8605800,ok
30,1800,1100,9945188,ok,9135716,ok
30,1800,1200,10439296,ok,9589864,ok
30,1800,1300,10932812,over_10gb,10044132,ok
30,1800,1400,11426736,over_10gb,10498280,over_10gb
30,1800,1500,12002612,over_10gb,11028196,over_10gb
30,1900,0,4416676,ok,4026912,ok
30,1900,100,5024200,ok,4583128,ok
30,1900,200,5545236,ok,5059944,ok
30,1900,300,6153156,ok,5616104,ok
30,1900,400,6673108,ok,6092768,ok
30,1900,500,7194208,ok,6569576,ok
30,1900,600,7715356,ok,7046244,ok
30,1900,700,8322952,ok,7602408,ok
30,1900,800,8844064,ok,8079208,ok
30,1900,900,9364708,ok,8555880,ok
30,1900,1000,9885620,ok,9032680,ok
30,1900,1100,10493540,over_10gb,9588676,ok
30,1900,1200,11014784,over_10gb,10065528,ok
30,1900,1300,11535776,over_10gb,10541928,over_10gb
30,2000,0,4646692,ok,4214884,ok
30,2000,100,5286092,ok,4796904,ok
30,2000,200,5834448,ok,5295732,ok
30,2000,300,6473668,ok,5878120,ok
30,2000,400,7021528,ok,6377060,ok
30,2000,500,7570016,ok,6876008,ok
30,2000,600,8118300,ok,7374952,ok
30,2000,700,8757976,ok,7957096,ok
30,2000,800,9306020,ok,8455908,ok
30,2000,900,9854180,ok,8954984,ok
30,2000,1000,10402484,ok,9454056,ok
30,2000,1100,11041988,over_10gb,10036196,ok
30,2000,1200,11590524,over_10gb,10534796,over_10gb
30,2000,1300,12138880,over_10gb,11034088,over_10gb
30,2100,0,4876580,ok,4400224,ok
30,2100,100,5547980,ok,5007976,ok
30,2100,200,6123344,ok,5528936,ok
30,2100,300,6794948,ok,6136680,ok
30,2100,400,7370084,ok,6657636,ok
30,2100,500,7945696,ok,7178436,ok
30,2100,600,8521244,ok,7699456,ok
30,2100,700,9192664,ok,8306948,ok
30,2100,800,9768228,ok,8828136,ok
30,2100,900,10343652,ok,9349096,ok
30,2100,1000,10919216,over_10gb,9870056,ok
30,2100,1100,11590728,over_10gb,10477556,ok
30,2100,1200,12166236,over_10gb,10998616,over_10gb
30,2200,0,5106416,ok,4582888,ok
30,2200,100,5809564,ok,5216068,ok
30,2200,200,6412748,ok,5758820,ok
30,2200,300,7115976,ok,6391912,ok
30,2200,400,7718752,ok,6934268,ok
30,2200,500,8321504,ok,7477040,ok
30,2200,600,8924312,ok,8019688,ok
30,2200,700,9627612,ok,8652628,ok
30,2200,800,10230436,ok,9195188,ok
30,2200,900,10833120,over_10gb,9737760,ok
30,2200,1000,11435828,over_10gb,10280676,ok
30,2200,1100,12139080,over_10gb,10913468,over_10gb
30,2300,0,5355940,ok,4763748,ok
30,2300,100,6092232,ok,5421800,ok
30,2300,200,6721232,ok,5985768,ok
30,2300,300,7456888,ok,6643812,ok
30,2300,400,8089056,ok,7207684,ok
30,2300,500,8718432,ok,7771876,ok
30,2300,600,9348632,ok,8335660,ok
30,2300,700,10083672,ok,8993760,ok
30,2300,800,10712736,over_10gb,9557724,ok
30,2300,900,11343844,over_10gb,10121832,ok
30,2300,1000,11973556,over_10gb,10685764,over_10gb
30,2400,0,5586084,ok,4941920,ok
30,2400,100,6353992,ok,5624424,ok
30,2400,200,7010384,ok,6209640,ok
30,2400,300,7777736,ok,6892392,ok
30,2400,400,8436836,ok,7477476,ok
30,2400,500,9093984,ok,8062564,ok
30,2400,600,9751064,ok,8647656,ok
30,2400,700,10518232,over_10gb,9330408,ok
30,2400,800,11174524,over_10gb,9915492,ok
30,2400,900,11832700,over_10gb,10500456,over_10gb
30,2500,0,5815968,ok,5117668,ok
30,2500,100,6615684,ok,5824400,ok
30,2500,200,7299500,ok,6430516,ok
30,2500,300,8098760,ok,7137372,ok
30,2500,400,8785080,ok,7743460,ok
30,2500,500,9469536,ok,8349416,ok
30,2500,600,10154012,ok,8955172,ok
30,2500,700,10952668,over_10gb,9662308,ok
30,2500,800,11636640,over_10gb,10268264,ok
30,2500,900,12322016,over_10gb,10874216,over_10gb
30,2600,0,6046116,ok,5290852,ok
30,2600,100,6877580,ok,6021812,ok
30,2600,200,7588688,ok,6648276,ok
30,2600,300,8419912,ok,7379284,ok
30,2600,400,9133540,ok,8005640,ok
30,2600,500,9844704,ok,8632424,ok
30,2600,600,10556824,over_10gb,9258852,ok
30,2600,700,11387164,over_10gb,9989664,ok
30,2600,800,12098336,over_10gb,10616036,over_10gb
30,2700,0,6276132,ok,5462116,ok
30,2700,100,7139404,ok,6216552,ok
30,2700,200,7877584,ok,6863332,ok
30,2700,300,8740680,ok,7617608,ok
30,2700,400,9481572,ok,8264680,ok
30,2700,500,10220384,ok,8911464,ok
30,2700,600,10959512,over_10gb,9558248,ok
30,2700,700,11821916,over_10gb,10312808,ok
30,2700,800,12560292,over_10gb,10959592,over_10gb
30,2800,0,6506148,ok,5630692,ok
30,2800,100,7401288,ok,6408552,ok
30,2800,200,8167120,ok,7075136,ok
30,2800,300,9061620,ok,7853156,ok
30,2800,400,9829732,ok,8519908,ok
30,2800,500,10595808,over_10gb,9186536,ok
30,2800,600,11362076,over_10gb,9853288,ok
30,2800,700,12256192,over_10gb,10631144,over_10gb
30,2900,0,7001352,ok,5796832,ok
30,2900,100,7919948,ok,6597460,ok
30,2900,200,8705612,ok,7283860,ok
30,2900,300,9623496,ok,8084708,ok
30,2900,400,10411488,ok,8771432,ok
30,2900,500,11197536,over_10gb,9457640,ok
30,2900,600,11983900,over_10gb,10144228,ok
30,2900,700,12901208,over_10gb,10945000,over_10gb
30,3000,0,7001508,ok,5960672,ok
30,3000,100,7924876,ok,6783860,ok
30,3000,200,8745288,ok,7489892,ok
30,3000,300,9703608,ok,8313448,ok
30,3000,400,10525944,over_10gb,9019240,ok
30,3000,500,11346700,over_10gb,9725156,ok
30,3000,600,12167608,over_10gb,10430952,ok
30,3100,0,7196252,ok,6121956,ok
30,3100,100,8186768,ok,6967544,ok
30,3100,200,9034564,ok,7692776,ok
30,3100,300,10024632,ok,8538472,ok
30,3100,400,10874232,over_10gb,9263312,ok
30,3100,500,11722176,over_10gb,9988456,ok
30,3100,600,12570424,over_10gb,10713444,over_10gb
30,3200,0,7426264,ok,6280932,ok
30,3200,100,8448580,ok,7148640,ok
30,3200,200,9323720,ok,7892584,ok
30,3200,300,10345656,ok,8760164,ok
30,3200,400,11222264,over_10gb,9504084,ok
30,3200,500,12097552,over_10gb,10247908,ok
30,3200,600,12973240,over_10gb,10991720,over_10gb
30,3300,0,7656416,ok,6437348,ok
30,3300,100,8710416,ok,7326948,ok
30,3300,200,9612744,ok,8089320,ok
30,3300,300,10666420,over_10gb,8978496,ok
30,3300,400,11570424,over_10gb,9740876,ok
30,3300,500,12473104,over_10gb,10503400,over_10gb
30,3400,0,7886192,ok,6591712,ok
30,3400,100,8972120,ok,7502196,ok
30,3400,200,9902024,ok,8283108,ok
30,3400,300,10987448,over_10gb,9193748,ok
30,3400,400,11918580,over_10gb,9974208,ok
30,3400,500,12848316,over_10gb,10755048,over_10gb
30,3500,0,8116444,ok,6968036,ok
30,3500,100,9234188,ok,7885540,ok
30,3500,200,10191176,ok,8671976,ok
30,3500,300,11308304,over_10gb,9589476,ok
30,3500,400,12266868,over_10gb,10375912,ok
30,3500,500,13223820,over_10gb,11162344,over_10gb
30,3600,0,8359004,ok,6968036,ok
30,3600,100,9506576,ok,7885544,ok
30,3600,200,10489160,over_10gb,8671972,ok
30,3600,300,11636276,over_10gb,9613776,ok
30,3600,400,12620112,over_10gb,10429992,ok
30,3700,0,8576336,ok,7039872,ok
30,3700,100,9757820,ok,8012544,ok
30,3700,200,10769528,over_10gb,8846336,ok
30,3700,300,11950404,over_10gb,9819008,ok
30,3700,400,12963060,over_10gb,10652676,over_10gb
30,3800,0,8806668,ok,7184516,ok
30,3800,100,10019452,ok,8177152,ok
30,3800,200,11058552,over_10gb,9027968,ok
30,3800,300,12271428,over_10gb,10020736,ok
30,3800,400,13311220,over_10gb,10871552,over_10gb
30,3900,0,9036684,ok,7326596,ok
30,3900,100,10281264,ok,8338948,ok
30,3900,200,11347708,over_10gb,9206660,ok
30,3900,300,12592196,over_10gb,10218816,ok
30,3900,400,13659376,over_10gb,11086580,over_10gb
30,4000,0,9266704,ok,7466500,ok
30,4000,100,10543224,over_10gb,8498052,ok
30,4000,200,11636988,over_10gb,9382152,ok
30,4000,300,12913220,over_10gb,10414084,ok
30,4100,0,9496628,ok,7603840,ok
30,4100,100,10805116,over_10gb,8654468,ok
30,4100,200,11926012,over_10gb,9555076,ok
30,4100,300,13234080,over_10gb,10605700,over_10gb
30,4200,0,9726652,ok,7738884,ok
30,4200,100,11066872,over_10gb,8808012,ok
30,4200,200,12214996,over_10gb,9724672,ok
30,4200,300,13554936,over_10gb,10793988,over_10gb
30,4300,0,9956752,ok,7871300,ok
30,4300,100,11328764,over_10gb,8959104,ok
30,4300,200,12504236,over_10gb,9891204,ok
30,4300,300,13876028,over_10gb,10979076,over_10gb
30,4400,0,10186892,ok,8001412,ok
30,4400,100,11590652,over_10gb,9107328,ok
30,4400,200,12793308,over_10gb,10055040,ok
30,4400,300,14196984,over_10gb,11160556,over_10gb
30,4500,0,10416912,ok,8129408,ok
30,4500,100,11852076,over_10gb,9252736,ok
30,4500,200,13082432,over_10gb,10215684,ok
30,4500,300,14517956,over_10gb,11339008,over_10gb
30,4600,0,10687884,over_10gb,8254852,ok
30,4600,100,12154232,over_10gb,9395584,ok
30,4600,200,13414776,over_10gb,10373252,ok
30,4700,0,10917900,over_10gb,8377628,ok
30,4700,100,12415992,over_10gb,9535500,ok
30,4700,200,13703672,over_10gb,10527672,over_10gb
30,4800,0,11147884,over_10gb,8498572,ok
30,4800,100,12677884,over_10gb,9672840,ok
30,4800,200,13992700,over_10gb,10679436,over_10gb
40,1000,0,3132036,ok,2981584,ok
40,1000,100,3558640,ok,3392208,ok
40,1000,200,3926636,ok,3744212,ok
40,1000,300,4355804,ok,4154836,ok
40,1000,400,4723240,ok,4506704,ok
40,1000,500,5090864,ok,4858708,ok
40,1000,600,5458872,ok,5210708,ok
40,1000,700,5888196,ok,5621332,ok
40,1000,800,6255100,ok,5972948,ok
40,1000,900,6623340,ok,6325204,ok
40,1000,1000,6991196,ok,6676968,ok
40,1000,1100,7419936,ok,7087620,ok
40,1000,1200,7787180,ok,7439700,ok
40,1000,1300,8154844,ok,7791700,ok
40,1000,1400,8522536,ok,8143456,ok
40,1000,1500,8951260,ok,8554320,ok
40,1000,1600,9318736,ok,8906196,ok
40,1000,1700,9686268,ok,9258192,ok
40,1000,1800,10053724,ok,9610196,ok
40,1000,1900,10482280,ok,10020816,ok
40,1000,2000,10849676,over_10gb,10372696,ok
40,1000,2100,11217216,over_10gb,10724564,over_10gb
40,1000,2200,11584896,over_10gb,11076564,over_10gb
40,1100,0,3511688,ok,3261652,ok
40,1100,100,3968440,ok,3710800,ok
40,1100,200,4361664,ok,4096084,ok
40,1100,300,4820704,ok,4545232,ok
40,1100,400,5213516,ok,4930388,ok
40,1100,500,5607260,ok,5315408,ok
40,1100,600,6002572,ok,5700560,ok
40,1100,700,6474680,ok,6149716,ok
40,1100,800,6878656,ok,6534868,ok
40,1100,900,7283280,ok,6919720,ok
40,1100,1000,7687932,ok,7304920,ok
40,1100,1100,8159600,ok,7754200,ok
40,1100,1200,8563780,ok,8139168,ok
40,1100,1300,8968088,ok,8524200,ok
40,1100,1400,9372492,ok,8909396,ok
40,1100,1500,9843920,ok,9358672,ok
40,1100,1600,10247972,ok,9743700,ok
40,1100,1700,10652412,over_10gb,10128848,ok
40,1100,1800,11056748,over_10gb,10513876,over_10gb
40,1100,1900,11528552,over_10gb,10962932,over_10gb
40,1200,0,3753436,ok,3538660,ok
40,1200,100,4266524,ok,4025932,ok
40,1200,200,4707632,ok,4443608,ok
40,1200,300,5222240,ok,4931076,ok
40,1200,400,5663440,ok,5348852,ok
40,1200,500,6104976,ok,5766884,ok
40,1200,600,6546156,ok,6184520,ok
40,1200,700,7060808,ok,6672232,ok
40,1200,800,7501764,ok,7090020,ok
40,1200,900,7943332,ok,7507816,ok
40,1200,1000,8384288,ok,7925396,ok
40,1200,1100,8898996,ok,8413032,ok
40,1200,1200,9340224,ok,8830608,ok
40,1200,1300,9781016,ok,9248616,ok
40,1200,1400,10221956,ok,9666408,ok
40,1200,1500,10736804,over_10gb,10153832,ok
40,1200,1600,11177588,over_10gb,10571568,over_10gb
40,1200,1700,11618808,over_10gb,10989240,over_10gb
40,1300,0,4063836,ok,3812324,ok
40,1300,100,4619980,ok,4337508,ok
40,1300,200,5098284,ok,4787484,ok
40,1300,300,5655724,ok,5312868,ok
40,1300,400,6133560,ok,5763044,ok
40,1300,500,6611728,ok,6213088,ok
40,1300,600,7089616,ok,6663396,ok
40,1300,700,7647412,ok,7188584,ok
40,1300,800,8124996,ok,7638760,ok
40,1300,900,8603124,ok,8088804,ok
40,1300,1000,9081212,ok,8538984,ok
40,1300,1100,9638640,ok,9064168,ok
40,1300,1200,10116272,ok,9514344,ok
40,1300,1300,10594060,over_10gb,9964520,ok
40,1300,1400,11072072,over_10gb,10414696,ok
40,1300,1500,11629448,over_10gb,10939880,over_10gb
40,1400,0,4374488,ok,4082792,ok
40,1400,100,4974112,ok,4645348,ok
40,1400,200,5488684,ok,5127524,ok
40,1400,300,6089308,ok,5689820,ok
40,1400,400,6603412,ok,6171920,ok
40,1400,500,7118604,ok,6654304,ok
40,1400,600,7633256,ok,7136356,ok
40,1400,700,8233912,ok,7698916,ok
40,1400,800,8748352,ok,8180968,ok
40,1400,900,9263272,ok,8663140,ok
40,1400,1000,9777776,ok,9145320,ok
40,1400,1100,10378052,ok,9707524,ok
40,1400,1200,10892864,over_10gb,10189928,ok
40,1400,1300,11407388,over_10gb,10672104,over_10gb
40,1400,1400,11922124,over_10gb,11154152,over_10gb
40,1500,0,4685020,ok,4350180,ok
40,1500,100,5328032,ok,4949476,ok
40,1500,200,5879064,ok,5463264,ok
40,1500,300,6522584,ok,6062436,ok
40,1500,400,7073872,ok,6576196,ok
40,1500,500,7625488,ok,7090020,ok
40,1500,600,8176872,ok,7603812,ok
40,1500,700,8820152,ok,8203112,ok
40,1500,800,9371460,ok,8716900,ok
40,1500,900,9922856,ok,9230696,ok
40,1500,1000,10474216,ok,9744360,ok
40,1500,1100,11117684,over_10gb,10343576,ok
40,1500,1200,11669188,over_10gb,10857448,over_10gb
40,1500,1300,12220440,over_10gb,11371080,over_10gb
40,1600,0,4995672,ok,4614248,ok
40,1600,100,5681548,ok,5250020,ok
40,1600,200,6269740,ok,5795040,ok
40,1600,300,6955992,ok,6430820,ok
40,1600,400,7544016,ok,6975716,ok
40,1600,500,8132364,ok,7520740,ok
40,1600,600,8720492,ok,8065640,ok
40,1600,700,9406648,ok,8701416,ok
40,1600,800,9994820,ok,9246312,ok
40,1600,900,10582948,over_10gb,9791336,ok
40,1600,1000,11171192,over_10gb,10336228,ok
40,1600,1100,11857264,over_10gb,10972008,over_10gb
40,1700,0,5321688,ok,4874980,ok
40,1700,100,6053664,ok,5546848,ok
40,1700,200,6678320,ok,6122756,ok
40,1700,300,7406428,ok,6794468,ok
40,1700,400,8029776,ok,7370212,ok
40,1700,500,8654348,ok,7946084,ok
40,1700,600,9279468,ok,8521828,ok
40,1700,700,10007864,ok,9193572,ok
40,1700,800,10632004,over_10gb,9769448,ok
40,1700,900,11250852,over_10gb,10345188,ok
40,1700,1000,11875516,over_10gb,10920936,over_10gb
40,1800,0,5629020,ok,5132760,ok
40,1800,100,6403488,ok,5839888,ok
40,1800,200,7064492,ok,6446432,ok
40,1800,300,7834968,ok,7153404,ok
40,1800,400,8494924,ok,7759968,ok
40,1800,500,9155856,ok,8366008,ok
40,1800,600,9816976,ok,8972520,ok
40,1800,700,10588024,over_10gb,9679716,ok
40,1800,800,11248704,over_10gb,10286056,ok
40,1800,900,11904164,over_10gb,10892264,over_10gb
40,1900,0,5936516,ok,5387364,ok
40,1900,100,6753312,ok,6129760,ok
40,1900,200,7450540,ok,6766048,ok
40,1900,300,8263444,ok,7508452,ok
40,1900,400,8959820,ok,8144740,ok
40,1900,500,9657104,ok,8781156,ok
40,1900,600,10355048,ok,9417444,ok
40,1900,700,11168084,over_10gb,10159844,ok
40,1900,800,11865408,over_10gb,10796264,over_10gb
40,1900,900,12557732,over_10gb,11432300,over_10gb
40,2000,0,6244316,ok,5638628,ok
40,2000,100,7103008,ok,6415584,ok
40,2000,200,7836844,ok,7081700,ok
40,2000,300,8692184,ok,7858788,ok
40,2000,400,9424976,ok,8524772,ok
40,2000,500,10158480,ok,9190688,ok
40,2000,600,10892908,over_10gb,9856868,ok
40,2000,700,11748660,over_10gb,10633960,over_10gb
40,2000,800,12481860,over_10gb,11299712,over_10gb
40,2100,0,6551424,ok,5886692,ok
40,2100,100,7452628,ok,6697956,ok
40,2100,200,8222768,ok,7393380,ok
40,2100,300,9120856,ok,8204640,ok
40,2100,400,9890124,ok,8899724,ok
40,2100,500,10660108,over_10gb,9595364,ok
40,2100,600,11430360,over_10gb,10290664,ok
40,2100,700,12328888,over_10gb,11101928,over_10gb
40,2200,0,7017848,ok,6131560,ok
40,2200,100,7937740,ok,6976612,ok
40,2200,200,8724364,ok,7700836,ok
40,2200,300,9641436,ok,8546020,ok
40,2200,400,10426896,ok,9270116,ok
40,2200,500,11213476,over_10gb,9994352,ok
40,2200,600,12000364,over_10gb,10718704,over_10gb
40,2200,700,12917812,over_10gb,11563876,over_10gb
40,2300,0,7166968,ok,6373224,ok
40,2300,100,8152156,ok,7251428,ok
40,2300,200,8995276,ok,8004448,ok
40,2300,300,9977876,ok,8882780,ok
40,2300,400,10820164,over_10gb,9635552,ok
40,2300,500,11663000,over_10gb,10388448,ok
40,2300,600,12506256,over_10gb,11141280,over_10gb
40,2400,0,7474548,ok,6611460,ok
40,2400,100,8502168,ok,7522916,ok
40,2400,200,9381328,ok,8303864,ok
40,2400,300,10406804,ok,9215332,ok
40,2400,400,11285188,over_10gb,9996388,ok
40,2400,500,12164376,over_10gb,10777444,over_10gb
40,2400,600,13043724,over_10gb,11558504,over_10gb
40,2500,0,7782136,ok,6984420,ok
40,2500,100,8851868,ok,7901924,ok
40,2500,200,9767436,ok,8688356,ok
40,2500,300,10835348,over_10gb,9605860,ok
40,2500,400,11750212,over_10gb,10392292,ok
40,2500,500,12665880,over_10gb,11178724,over_10gb
40,2600,0,8089588,ok,7079048,ok
40,2600,100,9201464,ok,8054792,ok
40,2600,200,10153676,ok,8891012,ok
40,2600,300,11264020,over_10gb,9866760,ok
40,2600,400,12215232,over_10gb,10703112,over_10gb
40,2600,500,13167144,over_10gb,11539336,over_10gb
40,2700,0,8397168,ok,7307908,ok
40,2700,100,9551360,ok,8314892,ok
40,2700,200,10539852,over_10gb,9178280,ok
40,2700,300,11692712,over_10gb,10185732,ok
40,2700,400,12680364,over_10gb,11049092,over_10gb
40,2800,0,8704616,ok,7533572,ok
40,2800,100,9901288,ok,8571760,ok
40,2800,200,10926032,over_10gb,9462020,ok
40,2800,300,12121128,over_10gb,10500188,over_10gb
40,2800,400,13145516,over_10gb,11390340,over_10gb
40,2900,0,9012172,ok,7756036,ok
40,2900,100,10251112,ok,8825092,ok
40,2900,200,11312076,over_10gb,9741448,ok
40,2900,300,12549696,over_10gb,10810504,over_10gb
40,2900,400,13610536,over_10gb,11726592,over_10gb
40,3000,0,9319920,ok,7975300,ok
40,3000,100,10600704,over_10gb,9074564,ok
40,3000,200,11698380,over_10gb,10016776,ok
40,3000,300,12978600,over_10gb,11115788,over_10gb
40,3100,0,9627244,ok,8191236,ok
40,3100,100,10950636,over_10gb,9320324,ok
40,3100,200,12084508,over_10gb,10288136,ok
40,3100,300,13406804,over_10gb,11417092,over_10gb
40,3200,0,9934964,ok,8404056,ok
40,3200,100,11300456,over_10gb,9562516,ok
40,3200,200,12470564,over_10gb,10555532,over_10gb
40,3200,300,13835816,over_10gb,11713784,over_10gb
40,3300,0,10242672,ok,8613776,ok
40,3300,100,11650008,over_10gb,9801108,ok
40,3300,200,12856908,over_10gb,10818832,over_10gb
40,3300,300,14264364,over_10gb,12006156,over_10gb
40,3400,0,10590964,over_10gb,8820240,ok
40,3400,100,12043912,over_10gb,10035984,ok
40,3400,200,13283920,over_10gb,11078156,over_10gb
40,3500,0,10898420,over_10gb,9023376,ok
40,3500,100,12393832,over_10gb,10267068,ok
40,3500,200,13670196,over_10gb,11333392,over_10gb
40,3600,0,11205748,over_10gb,9223444,ok
40,3600,100,12743656,over_10gb,10494868,over_10gb
40,3600,200,14056344,over_10gb,11584656,over_10gb
50,1000,0,3901712,ok,3723420,ok
50,1000,100,4437840,ok,4237472,ok
50,1000,200,4897628,ok,4677924,ok
50,1000,300,5434172,ok,5191572,ok
50,1000,400,5893508,ok,5632164,ok
50,1000,500,6352656,ok,6072616,ok
50,1000,600,6813156,ok,6512916,ok
50,1000,700,7349056,ok,7026856,ok
50,1000,800,7808408,ok,7467304,ok
50,1000,900,8267984,ok,7907624,ok
50,1000,1000,8727712,ok,8348072,ok
50,1000,1100,9263500,ok,8861864,ok
50,1000,1200,9723316,ok,9302096,ok
50,1000,1300,10182600,ok,9742760,ok
50,1000,1400,10642296,over_10gb,10183208,ok
50,1000,1500,11178424,over_10gb,10696996,over_10gb
50,1000,1600,11637624,over_10gb,11137444,over_10gb
50,1100,0,4289552,ok,4073628,ok
50,1100,100,4879440,ok,4635804,ok
50,1100,200,5385308,ok,5117732,ok
50,1100,300,5975228,ok,5679752,ok
50,1100,400,6480648,ok,6161700,ok
50,1100,500,6985736,ok,6643352,ok
50,1100,600,7491684,ok,7125156,ok
50,1100,700,8081472,ok,7687408,ok
50,1100,800,8587148,ok,8169380,ok
50,1100,900,9092420,ok,8651304,ok
50,1100,1000,9597836,ok,9133096,ok
50,1100,1100,10187748,ok,9695268,ok
50,1100,1200,10693176,over_10gb,10177192,ok
50,1100,1300,11198640,over_10gb,10658748,over_10gb
50,1100,1400,11704136,over_10gb,11140904,over_10gb
50,1200,0,4677648,ok,4419616,ok
50,1200,100,5320916,ok,5029536,ok
50,1200,200,5872604,ok,5552420,ok
50,1200,300,6516156,ok,6162336,ok
50,1200,400,7067180,ok,6685216,ok
50,1200,500,7618896,ok,7207976,ok
50,1200,600,8170396,ok,7730856,ok
50,1200,700,8814012,ok,8340776,ok
50,1200,800,9365388,ok,8863516,ok
50,1200,900,9916636,ok,9386404,ok
50,1200,1000,10468260,ok,9909288,ok
50,1200,1100,11111460,over_10gb,10519204,over_10gb
50,1200,1200,11662868,over_10gb,11041956,over_10gb
50,1200,1300,12214576,over_10gb,11564840,over_10gb
50,1300,0,5065616,ok,4761628,ok
50,1300,100,5762228,ok,5418784,ok
50,1300,200,6360152,ok,5982112,ok
50,1300,300,7057216,ok,6639268,ok
50,1300,400,7654408,ok,7202596,ok
50,1300,500,8251728,ok,7765852,ok
50,1300,600,8849060,ok,8328904,ok
50,1300,700,9546176,ok,8986404,ok
50,1300,800,10143756,ok,9549736,ok
50,1300,900,10741060,over_10gb,10113064,ok
50,1300,1000,11338528,over_10gb,10676392,over_10gb
50,1300,1100,12035684,over_10gb,11333544,over_10gb
50,1400,0,5474708,ok,5099552,ok
50,1400,100,6225876,ok,5803424,ok
50,1400,200,6868316,ok,6406692,ok
50,1400,300,7619264,ok,7110692,ok
50,1400,400,8262148,ok,7713956,ok
50,1400,500,8904656,ok,8317096,ok
50,1400,600,9543140,ok,8920612,ok
50,1400,700,10293184,ok,9624488,ok
50,1400,800,10937996,over_10gb,10227812,ok
50,1400,900,11581380,over_10gb,10831144,over_10gb
50,1400,1000,12225316,over_10gb,11434316,over_10gb
50,1500,0,5862032,ok,5433504,ok
50,1500,100,6667088,ok,6183580,ok
50,1500,200,7355228,ok,6826404,ok
50,1500,300,8159932,ok,7576356,ok
50,1500,400,8848900,ok,8219300,ok
50,1500,500,9537360,ok,8862116,ok
50,1500,600,10222180,ok,9505064,ok
50,1500,700,11025980,over_10gb,10254880,ok
50,1500,800,11716456,over_10gb,10897960,over_10gb
50,1500,900,12405536,over_10gb,11540776,over_10gb
50,1600,0,6249876,ok,5763488,ok
50,1600,100,7108180,ok,6559132,ok
50,1600,200,7842524,ok,7240748,ok
50,1600,300,8700736,ok,8036640,ok
50,1600,400,9435524,ok,8718624,ok
50,1600,500,10169684,ok,9400484,ok
50,1600,600,10901216,over_10gb,10082344,ok
50,1600,700,11758524,over_10gb,10877860,over_10gb
50,1600,800,12494644,over_10gb,11559972,over_10gb
50,1700,0,6637200,ok,6089504,ok
50,1700,100,7549056,ok,6930080,ok
50,1700,200,8329692,ok,7650592,ok
50,1700,300,9241276,ok,8491296,ok
50,1700,400,10022280,ok,9211812,ok
50,1700,500,10802512,over_10gb,9932328,ok
50,1700,600,11580132,over_10gb,10652836,over_10gb
50,1700,700,12491200,over_10gb,11493540,over_10gb
50,1800,0,7024960,ok,6411420,ok
50,1800,100,7990384,ok,7296544,ok
50,1800,200,8816708,ok,8055204,ok
50,1800,300,9782032,ok,8940180,ok
50,1800,400,10608832,over_10gb,9698980,ok
50,1800,500,11435236,over_10gb,10457640,ok
50,1800,600,12259236,over_10gb,11216296,over_10gb
50,1900,0,7412164,ok,6973216,ok
50,1900,100,8431472,ok,7890720,ok
50,1900,200,9303872,ok,8677156,ok
50,1900,300,10322576,ok,9594652,ok
50,1900,400,11195580,over_10gb,10381092,ok
50,1900,500,12068064,over_10gb,11167528,over_10gb
50,1900,600,12938152,over_10gb,11953956,over_10gb
50,2000,0,7799804,ok,7043332,ok
50,2000,100,8872484,ok,8015744,ok
50,2000,200,9790804,ok,8849284,ok
50,2000,300,10863116,over_10gb,9821508,ok
50,2000,400,11782080,over_10gb,10655104,over_10gb
50,2000,500,12700768,over_10gb,11488640,over_10gb
50,2100,0,8187712,ok,7353348,ok
50,2100,100,9313440,ok,8368640,ok
50,2100,200,10278212,ok,9238636,ok
50,2100,300,11404044,over_10gb,10253820,ok
50,2100,400,12368700,over_10gb,11124224,over_10gb
50,2100,500,13333348,over_10gb,11994372,over_10gb
50,2200,0,8575136,ok,7659392,ok
50,2200,100,9754808,ok,8716800,ok
50,2200,200,10765256,over_10gb,9623148,ok
50,2200,300,11944536,over_10gb,10680704,over_10gb
50,2200,400,12955464,over_10gb,11587200,over_10gb
50,2300,0,8962724,ok,7961200,ok
50,2300,100,10196024,ok,9060480,ok
50,2300,200,11252424,over_10gb,10002692,ok
50,2300,300,12485488,over_10gb,11101952,over_10gb
50,2300,400,13542088,over_10gb,12043888,over_10gb
50,2400,0,9350176,ok,8259104,ok
50,2400,100,10636980,over_10gb,9399680,ok
50,2400,200,11739596,over_10gb,10377088,ok
50,2400,300,13026036,over_10gb,11517444,over_10gb
50,2500,0,9737888,ok,8553264,ok
50,2500,100,11077956,over_10gb,9734316,ok
50,2500,200,12226636,over_10gb,10746540,over_10gb
50,2500,300,13566640,over_10gb,11927464,over_10gb
50,2600,0,10121196,ok,8843252,ok
50,2600,100,11514520,over_10gb,10064296,ok
50,2600,200,12708608,over_10gb,11110956,over_10gb
50,2600,300,14101692,over_10gb,12331948,over_10gb
50,2700,0,10544036,over_10gb,9129264,ok
50,2700,100,11991348,over_10gb,10389800,ok
50,2700,200,13228872,over_10gb,11470252,over_10gb
50,2800,0,10927780,over_10gb,9411248,ok
50,2800,100,12427904,over_10gb,10710556,over_10gb
50,2800,200,13711176,over_10gb,11824336,over_10gb
50,2900,0,11311520,over_10gb,9689100,ok
50,2900,100,12864820,over_10gb,11027116,over_10gb
50,2900,200,14193484,over_10gb,12173868,over_10gb
60,1000,0,4673428,ok,4467360,ok
60,1000,100,5317136,ok,5084580,ok
60,1000,200,5868612,ok,5613452,ok
60,1000,300,6511976,ok,6230912,ok
60,1000,400,7063940,ok,6759972,ok
60,1000,500,7615304,ok,7288992,ok
60,1000,600,8166736,ok,7818144,ok
60,1000,700,8810272,ok,8435364,ok
60,1000,800,9361908,ok,8964384,ok
60,1000,900,9913400,ok,9493412,ok
60,1000,1000,10464912,ok,10022564,ok
60,1000,1100,11108436,over_10gb,10639780,over_10gb
60,1000,1200,11659932,over_10gb,11168804,over_10gb
60,1000,1300,12211432,over_10gb,11697956,over_10gb
60,1100,0,5138328,ok,4887332,ok
60,1100,100,5846160,ok,5562656,ok
60,1100,200,6452900,ok,6141476,ok
60,1100,300,7160732,ok,6816804,ok
60,1100,400,7767684,ok,7395616,ok
60,1100,500,8374340,ok,7974436,ok
60,1100,600,8980948,ok,8553176,ok
60,1100,700,9688736,ok,9228704,ok
60,1100,800,10295672,ok,9807524,ok
60,1100,900,10902068,over_10gb,10386336,ok
60,1100,1000,11509008,over_10gb,10965156,over_10gb
60,1100,1100,12216912,over_10gb,11640240,over_10gb
60,1200,0,5624800,ok,5302436,ok
60,1200,100,6396172,ok,6035028,ok
60,1200,200,7057852,ok,6663116,ok
60,1200,300,7830184,ok,7396004,ok
60,1200,400,8486556,ok,8024100,ok
60,1200,500,9149144,ok,8652064,ok
60,1200,600,9811284,ok,9280160,ok
60,1200,700,10583716,over_10gb,10012960,ok
60,1200,800,11245176,over_10gb,10640932,over_10gb
60,1200,900,11907252,over_10gb,11268816,over_10gb
60,1300,0,6089288,ok,5712800,ok
60,1300,100,6925200,ok,6502308,ok
60,1300,200,7642180,ok,7179040,ok
60,1300,300,8478504,ok,7968548,ok
60,1300,400,9190916,ok,8645284,ok
60,1300,500,9908292,ok,9321888,ok
60,1300,600,10625360,over_10gb,9998624,ok
60,1300,700,11461920,over_10gb,10788128,over_10gb
60,1300,800,12178680,over_10gb,11464868,over_10gb
60,1400,0,6553748,ok,6118288,ok
60,1400,100,7453968,ok,6964000,ok
60,1400,200,8226120,ok,7688740,ok
60,1400,300,9126948,ok,8534436,ok
60,1400,400,9894788,ok,9259020,ok
60,1400,500,10667464,over_10gb,9983904,ok
60,1400,600,11439568,over_10gb,10708592,over_10gb
60,1400,700,12340496,over_10gb,11554188,over_10gb
60,1500,0,7018592,ok,6519204,ok
60,1500,100,7983048,ok,7420196,ok
60,1500,200,8810264,ok,8192544,ok
60,1500,300,9775128,ok,9093540,ok
60,1500,400,10598944,over_10gb,9865632,ok
60,1500,500,11426244,over_10gb,10638116,over_10gb
60,1500,600,12253708,over_10gb,11410212,over_10gb
60,1600,0,7483108,ok,6965704,ok
60,1600,100,8511612,ok,7883300,ok
60,1600,200,9394328,ok,8690176,ok
60,1600,300,10423372,ok,9645952,ok
60,1600,400,11302816,over_10gb,10465280,ok
60,1600,500,12185724,over_10gb,11284476,over_10gb
60,1600,600,13067820,over_10gb,12103680,over_10gb
60,1700,0,7947396,ok,7306232,ok
60,1700,100,9040840,ok,8316284,ok
60,1700,200,9978096,ok,9181948,ok
60,1700,300,11071900,over_10gb,10191740,ok
60,1700,400,12006948,over_10gb,11057408,over_10gb
60,1700,500,12944632,over_10gb,11922760,over_10gb
60,1800,0,8412140,ok,7692500,ok
60,1800,100,9569672,ok,8756092,ok
60,1800,200,10562408,over_10gb,9667584,ok
60,1800,300,11720116,over_10gb,10730880,over_10gb
60,1800,400,12710644,over_10gb,11642236,over_10gb
60,1900,0,8876652,ok,8074496,ok
60,1900,100,10098696,ok,9190528,ok
60,1900,200,11146344,over_10gb,10147196,ok
60,1900,300,12368604,over_10gb,11263232,over_10gb
60,1900,400,13414904,over_10gb,12219904,over_10gb
60,2000,0,9341016,ok,8451308,ok
60,2000,100,10627468,over_10gb,9619436,ok
60,2000,200,11730540,over_10gb,10620556,over_10gb
60,2000,300,13017056,over_10gb,11789032,over_10gb
60,2100,0,9805676,ok,8823276,ok
60,2100,100,11156492,over_10gb,10042984,ok
60,2100,200,12314476,over_10gb,11088360,over_10gb
60,2100,300,13665376,over_10gb,12308072,over_10gb
60,2200,0,10270044,ok,9190508,ok
60,2200,100,11685256,over_10gb,10460844,ok
60,2200,200,12898668,over_10gb,11549932,over_10gb
60,2200,300,14313696,over_10gb,12820328,over_10gb
60,2300,0,10773608,over_10gb,9553004,ok
60,2300,100,12254348,over_10gb,10873576,over_10gb
60,2300,200,13519596,over_10gb,12005480,over_10gb
60,2400,0,11238636,over_10gb,9910636,ok
60,2400,100,12783232,over_10gb,11280448,over_10gb
60,2400,200,14104044,over_10gb,12454792,over_10gb
60,2500,0,11703032,over_10gb,10263340,ok
60,2500,100,13312392,over_10gb,11682268,over_10gb
60,2500,200,14687852,over_10gb,12898408,over_10gb
70,1000,0,5491044,ok,5236168,ok
70,1000,100,6241196,ok,5957064,ok
70,1000,200,6879032,ok,6574780,ok
70,1000,300,7630860,ok,7295816,ok
70,1000,400,8274572,ok,7913672,ok
70,1000,500,8918048,ok,8531660,ok
70,1000,600,9561848,ok,9149512,ok
70,1000,700,10313424,ok,9870244,ok
70,1000,800,10957216,over_10gb,10488268,over_10gb
70,1000,900,11601228,over_10gb,11106120,over_10gb
70,1000,1000,12244720,over_10gb,11724108,over_10gb
70,1100,0,6035040,ok,5728456,ok
70,1100,100,6860460,ok,6516932,ok
70,1100,200,7563320,ok,7193288,ok
70,1100,300,8389724,ok,7981768,ok
70,1100,400,9097740,ok,8657988,ok
70,1100,500,9805668,ok,9334092,ok
70,1100,600,10513656,over_10gb,10010060,ok
70,1100,700,11340368,over_10gb,10798796,over_10gb
70,1100,800,12048672,over_10gb,11474892,over_10gb
70,1200,0,6579044,ok,6215240,ok
70,1200,100,7479468,ok,7070920,ok
70,1200,200,8247352,ok,7804280,ok
70,1200,300,9148892,ok,8660292,ok
70,1200,400,9920952,ok,9393736,ok
70,1200,500,10693472,over_10gb,10127352,ok
70,1200,600,11465588,over_10gb,10860620,over_10gb
70,1200,700,12367060,over_10gb,11716556,over_10gb
70,1300,0,7122784,ok,6990404,ok
70,1300,100,8098656,ok,7908040,ok
70,1300,200,8931484,ok,8694340,ok
70,1300,300,9907832,ok,9611976,ok
70,1300,400,10744424,over_10gb,10398324,ok
70,1300,500,11580924,over_10gb,11184748,over_10gb
70,1300,600,12417384,over_10gb,11971276,over_10gb
70,1400,0,7667036,ok,7171788,ok
70,1400,100,8717664,ok,8159312,ok
70,1400,200,9615520,ok,9005900,ok
70,1400,300,10667000,over_10gb,9993424,ok
70,1400,400,11567844,over_10gb,10839884,over_10gb
70,1400,500,12468596,over_10gb,11686328,over_10gb
70,1500,0,8211036,ok,7641676,ok
70,1500,100,9336800,ok,8693968,ok
70,1500,200,10299552,ok,9595980,ok
70,1500,300,11425840,over_10gb,10648268,over_10gb
70,1500,400,12391012,over_10gb,11550284,over_10gb
70,1500,500,13355988,over_10gb,12452060,over_10gb
70,1600,0,8755092,ok,8105776,ok
70,1600,100,9955812,ok,9222220,ok
70,1600,200,10983592,over_10gb,10178808,ok
70,1600,300,12185008,over_10gb,11295156,over_10gb
70,1600,400,13214376,over_10gb,12252112,over_10gb
70,1700,0,9298960,ok,8564356,ok
70,1700,100,10575076,over_10gb,9744076,ok
70,1700,200,11667628,over_10gb,10755016,over_10gb
70,1700,300,12943796,over_10gb,11934308,over_10gb
70,1800,0,9842960,ok,9017448,ok
70,1800,100,11194084,over_10gb,10259532,ok
70,1800,200,12351660,over_10gb,11323980,over_10gb
70,1800,300,13702896,over_10gb,12565960,over_10gb
70,1900,0,10440212,ok,9465036,ok
70,1900,100,11867616,over_10gb,10768584,over_10gb
70,1900,200,13084456,over_10gb,11885680,over_10gb
70,1900,300,14508724,over_10gb,13189448,over_10gb
70,2000,0,10972176,over_10gb,9906744,ok
70,2000,100,12471524,over_10gb,11271080,over_10gb
70,2000,200,13762988,over_10gb,12440780,over_10gb
70,2100,0,11516124,over_10gb,10343116,ok
70,2100,100,13090660,over_10gb,11767392,over_10gb
70,2100,200,14446252,over_10gb,12988616,over_10gb
70,2200,0,12060436,over_10gb,10773708,over_10gb
70,2200,100,13710052,over_10gb,12257296,over_10gb
70,2200,200,15129408,over_10gb,13529420,over_10gb
80,1000,0,6261732,ok,5983032,ok
80,1000,100,7115424,ok,6807596,ok
80,1000,200,7851504,ok,7514460,ok
80,1000,300,8710108,ok,8339384,ok
80,1000,400,9445028,ok,9046324,ok
80,1000,500,10181284,ok,9753076,ok
80,1000,600,10917764,over_10gb,10460084,ok
80,1000,700,11776060,over_10gb,11284920,over_10gb
80,1000,800,12511208,over_10gb,11991736,over_10gb
80,1100,0,7018468,ok,6545592,ok
80,1100,100,7932064,ok,7447988,ok
80,1100,200,8718836,ok,8221368,ok
80,1100,300,9636696,ok,9123764,ok
80,1100,400,10422816,ok,9897268,ok
80,1100,500,11209636,over_10gb,10670644,over_10gb
80,1100,600,12004580,over_10gb,11444152,over_10gb
80,1100,700,12949100,over_10gb,12346420,over_10gb
80,1200,0,7503688,ok,7101724,ok
80,1200,100,8530536,ok,8080932,ok
80,1200,200,9413332,ok,8919884,ok
80,1200,300,10443324,ok,9899296,ok
80,1200,400,11325640,over_10gb,10738468,over_10gb
80,1200,500,12208512,over_10gb,11577636,over_10gb
80,1200,600,13091812,over_10gb,12416928,over_10gb
80,1300,0,8124888,ok,7651748,ok
80,1300,100,9237828,ok,8706596,ok
80,1300,200,10194516,ok,9610788,ok
80,1300,300,11310016,over_10gb,10665572,over_10gb
80,1300,400,12265924,over_10gb,11569956,over_10gb
80,1300,500,13222184,over_10gb,12474148,over_10gb
80,1400,0,8746020,ok,8194888,ok
80,1400,100,9945540,ok,9324960,ok
80,1400,200,10975244,over_10gb,10293408,ok
80,1400,300,12176720,over_10gb,11423392,over_10gb
80,1400,400,13205984,over_10gb,12391840,over_10gb
80,1500,0,9366860,ok,8732184,ok
80,1500,100,10652868,over_10gb,9935988,ok
80,1500,200,11756296,over_10gb,10968084,over_10gb
80,1500,300,13043152,over_10gb,12171828,over_10gb
80,1600,0,9988256,ok,9262376,ok
80,1600,100,11360380,over_10gb,10539776,over_10gb
80,1600,200,12537228,over_10gb,11634584,over_10gb
80,1600,300,13909968,over_10gb,12911516,over_10gb
80,1700,0,10646180,over_10gb,9786904,ok
80,1700,100,12111812,over_10gb,11136408,over_10gb
80,1700,200,13362696,over_10gb,12293140,over_10gb
80,1800,0,11267576,over_10gb,10304792,ok
80,1800,100,12818176,over_10gb,11725592,over_10gb
80,1800,200,14142776,over_10gb,12943508,over_10gb
80,1900,0,11888880,over_10gb,10816152,over_10gb
80,1900,100,13525000,over_10gb,12307608,over_10gb
80,1900,200,14923020,over_10gb,13585848,over_10gb
90,1000,0,7029388,ok,6976764,ok
90,1000,100,7995544,ok,7894268,ok
90,1000,200,8823372,ok,8680700,ok
90,1000,300,9788572,ok,9598204,ok
90,1000,400,10617136,over_10gb,10384632,ok
90,1000,500,11444924,over_10gb,11171068,over_10gb
90,1000,600,12273020,over_10gb,11957500,over_10gb
90,1100,0,7728140,ok,7364520,ok
90,1100,100,8790700,ok,8380716,ok
90,1100,200,9701324,ok,9251752,ok
90,1100,300,10763012,over_10gb,10268076,ok
90,1100,400,11674032,over_10gb,11138908,over_10gb
90,1100,500,12584764,over_10gb,12010156,over_10gb
90,1200,0,8427196,ok,7990444,ok
90,1200,100,9586056,ok,9093036,ok
90,1200,200,10579072,over_10gb,10038188,ok
90,1200,300,11737460,over_10gb,11140776,over_10gb
90,1200,400,12731068,over_10gb,12085712,over_10gb
90,1300,0,9126076,ok,8609088,ok
90,1300,100,10381188,ok,9797180,ok
90,1300,200,11457020,over_10gb,10815428,over_10gb
90,1300,300,12711740,over_10gb,12003644,over_10gb
90,1300,400,13787836,over_10gb,13022012,over_10gb
90,1400,0,9824952,ok,9220672,ok
90,1400,100,11176580,over_10gb,10493120,over_10gb
90,1400,200,12334848,over_10gb,11583808,over_10gb
90,1400,300,13686012,over_10gb,12856384,over_10gb
90,1500,0,10567612,over_10gb,9824768,ok
90,1500,100,12015492,over_10gb,11180864,over_10gb
90,1500,200,13256520,over_10gb,12343100,over_10gb
90,1600,0,11265260,over_10gb,10422080,ok
90,1600,100,12809860,over_10gb,11860412,over_10gb
90,1600,200,14133632,over_10gb,13093120,over_10gb
90,1700,0,11963448,over_10gb,11012032,over_10gb
90,1700,100,13604232,over_10gb,12531776,over_10gb
90,1700,200,15010684,over_10gb,13834412,over_10gb
100,1000,0,7802512,ok,7481320,ok
100,1000,100,8875272,ok,8514536,ok
100,1000,200,9795312,ok,9400040,ok
100,1000,300,10868656,over_10gb,10433124,ok
100,1000,400,11788256,over_10gb,11318632,over_10gb
100,1000,500,12707512,over_10gb,12203928,over_10gb
100,1100,0,8578232,ok,8185060,ok
100,1100,100,9758616,ok,9315428,ok
100,1100,200,10770204,over_10gb,10284152,ok
100,1100,300,11950196,over_10gb,11414628,over_10gb
100,1100,400,12961852,over_10gb,12383452,over_10gb
100,1200,0,9354040,ok,8880840,ok
100,1200,100,10641432,over_10gb,10107340,ok
100,1200,200,11744920,over_10gb,11158604,over_10gb
100,1200,300,13032552,over_10gb,12385100,over_10gb
100,1300,0,10129980,ok,9568408,ok
100,1300,100,11524372,over_10gb,10890188,over_10gb
100,1300,200,12719900,over_10gb,12022856,over_10gb
100,1300,300,14114088,over_10gb,13344332,over_10gb
100,1400,0,10949052,over_10gb,10248244,ok
100,1400,100,12450840,over_10gb,11663820,over_10gb
100,1400,200,13736860,over_10gb,12877004,over_10gb
100,1500,0,11723708,over_10gb,10920140,over_10gb
100,1500,100,13332776,over_10gb,12428364,over_10gb
100,1500,200,14711064,over_10gb,13721164,over_10gb
100,1600,0,12498860,over_10gb,11583948,over_10gb
100,1600,100,14215064,over_10gb,13183820,over_10gb
100,1600,200,15684812,over_10gb,14555208,over_10gb
110,1000,0,8574900,ok,8224132,ok
110,1000,100,9755128,ok,9360652,ok
110,1000,200,10767420,over_10gb,10334732,ok
110,1000,300,11947840,over_10gb,11470876,over_10gb
110,1000,400,12959920,over_10gb,12445192,over_10gb
110,1100,0,9427764,ok,8997780,ok
110,1100,100,10726008,over_10gb,10241056,ok
110,1100,200,11839040,over_10gb,11306880,over_10gb
110,1100,300,13137468,over_10gb,12550424,over_10gb
110,1200,0,10280484,ok,9762708,ok
110,1200,100,11696704,over_10gb,11111960,over_10gb
110,1200,200,12910784,over_10gb,12268164,over_10gb
110,1200,300,14326712,over_10gb,13617432,over_10gb
110,1300,0,11176756,over_10gb,10518680,over_10gb
110,1300,100,12708980,over_10gb,11972504,over_10gb
110,1300,200,14024896,over_10gb,13218456,over_10gb
110,1400,0,12028428,over_10gb,11266196,over_10gb
110,1400,100,13678872,over_10gb,12823064,over_10gb
110,1400,200,15095740,over_10gb,14157380,over_10gb
110,1500,0,12880436,over_10gb,12004372,over_10gb
110,1500,100,14648568,over_10gb,13663768,over_10gb
110,1500,200,16166480,over_10gb,15085720,over_10gb
120,1000,0,9347716,ok,8967064,ok
120,1000,100,10635460,over_10gb,10206872,ok
120,1000,200,11739400,over_10gb,11269400,over_10gb
120,1000,300,13027720,over_10gb,12509208,over_10gb
120,1100,0,10277380,ok,9810708,ok
120,1100,100,11693896,over_10gb,11167128,over_10gb
120,1100,200,12907632,over_10gb,12329576,over_10gb
120,1100,300,14324280,over_10gb,13686164,over_10gb
120,1200,0,11250436,over_10gb,10644632,over_10gb
120,1200,100,12793672,over_10gb,12116292,over_10gb
120,1200,200,14118152,over_10gb,13377944,over_10gb
120,1300,0,12179332,over_10gb,11469080,over_10gb
120,1300,100,13851484,over_10gb,13054872,over_10gb
120,1300,200,15286028,over_10gb,14414104,over_10gb
120,1400,0,13108480,over_10gb,12283672,over_10gb
120,1400,100,14909148,over_10gb,13982356,over_10gb
120,1400,200,16453896,over_10gb,15438228,over_10gb
130,1000,0,10169496,ok,9757204,ok
130,1000,100,11564756,over_10gb,11100184,over_10gb
130,1000,200,12760512,over_10gb,12251412,over_10gb
130,1000,300,14156124,over_10gb,13594156,over_10gb
130,1100,0,11222428,over_10gb,10675096,over_10gb
130,1100,100,12757332,over_10gb,12144532,over_10gb
130,1100,200,14071692,over_10gb,13403876,over_10gb
130,1200,0,12233368,over_10gb,11582616,over_10gb
130,1200,100,13907668,over_10gb,13176984,over_10gb
130,1200,200,15341524,over_10gb,14543432,over_10gb
130,1300,0,13244060,over_10gb,12479768,over_10gb
130,1300,100,15057872,over_10gb,14197652,over_10gb
130,1300,200,16611592,over_10gb,15669992,over_10gb
140,1000,0,10984716,over_10gb,10500028,over_10gb
140,1000,100,12485512,over_10gb,11946424,over_10gb
140,1000,200,13763996,over_10gb,13185924,over_10gb
140,1100,0,12072412,over_10gb,11487928,over_10gb
140,1100,100,13723660,over_10gb,13070396,over_10gb
140,1100,200,15131764,over_10gb,14426556,over_10gb
140,1200,0,13160460,over_10gb,12464568,over_10gb
140,1200,100,14961928,over_10gb,14181564,over_10gb
140,1200,200,16499744,over_10gb,15653304,over_10gb
150,1000,0,11757080,over_10gb,11242856,over_10gb
150,1000,100,13356508,over_10gb,12792556,over_10gb
150,1000,200,14737048,over_10gb,14120812,over_10gb
150,1100,0,12921672,over_10gb,12300476,over_10gb
150,1100,100,14683868,over_10gb,13996136,over_10gb
150,1100,200,16201880,over_10gb,15449452,over_10gb
150,1200,0,14086876,over_10gb,13967212,over_10gb
150,1200,100,16010680,over_10gb,15802220,over_10gb
150,1200,200,17666640,over_10gb,17375084,over_10gb
160,1000,0,12527736,over_10gb,11985688,over_10gb
160,1000,100,14237856,over_10gb,13638676,over_10gb
160,1000,200,15711052,over_10gb,15055512,over_10gb
160,1100,0,14031640,over_10gb,13113496,over_10gb
160,1100,100,15859612,over_10gb,14921752,over_10gb
160,1100,200,17433164,over_10gb,16472216,over_10gb
160,1200,0,15012204,over_10gb,14228248,over_10gb
160,1200,100,17067572,over_10gb,16190428,over_10gb
160,1200,200,18834384,over_10gb,17872668,over_10gb
