branch,loops,padding_size,existing_memory_kb,existing_status,new_memory_kb,new_status
10,1000,0,779456,ok,124980,ok
10,1000,100,884568,ok,135484,ok
10,1000,200,975852,ok,144556,ok
10,1000,300,1082420,ok,155280,ok
10,1000,400,1173456,ok,164288,ok
10,1000,500,1264508,ok,173388,ok
10,1000,600,1355696,ok,182336,ok
10,1000,700,1461668,ok,193060,ok
10,1000,800,1552916,ok,202196,ok
10,1000,900,1644100,ok,211228,ok
10,1000,1000,1735044,ok,220356,ok
10,1000,1100,1840896,ok,231092,ok
10,1000,1200,1932076,ok,240236,ok
10,1000,1300,2022916,ok,249424,ok
10,1000,1400,2114084,ok,258548,ok
10,1000,1500,2220388,ok,269040,ok
10,1000,1600,2311376,ok,278244,ok
10,1000,1700,2402028,ok,287404,ok
10,1000,1800,2493144,ok,296572,ok
10,1000,1900,2599348,ok,307092,ok
10,1000,2000,2690392,ok,316184,ok
10,1000,2100,2781384,ok,325416,ok
10,1000,2200,2872328,ok,334580,ok
10,1000,2300,2978732,ok,345108,ok
10,1000,2400,3069788,ok,354268,ok
10,1000,2500,3160608,ok,363428,ok
10,1000,2600,3251596,ok,372588,ok
10,1000,2700,3357572,ok,383120,ok
10,1000,2800,3447440,ok,392280,ok
10,1000,2900,3538556,ok,401364,ok
10,1000,3000,3629804,ok,410596,ok
10,1000,3100,3735780,ok,421200,ok
10,1000,3200,3826956,ok,430416,ok
10,1000,3300,3918080,ok,439448,ok
10,1000,3400,4009152,ok,448480,ok
10,1000,3500,4115456,ok,459140,ok
10,1000,3600,4205968,ok,468432,ok
10,1000,3700,4297448,ok,477376,ok
10,1000,3800,4388368,ok,486620,ok
10,1000,3900,4494836,ok,497284,ok
10,1000,4000,4585552,ok,506440,ok
10,1100,0,881344,ok,176840,ok
10,1100,100,995460,ok,188408,ok
10,1100,200,1093828,ok,198456,ok
10,1100,300,1208624,ok,209984,ok
10,1100,400,1306804,ok,220060,ok
10,1100,500,1405184,ok,229968,ok
10,1100,600,1503532,ok,240024,ok
10,1100,700,1618220,ok,251748,ok
10,1100,800,1716616,ok,261664,ok
10,1100,900,1814880,ok,271604,ok
10,1100,1000,1913220,ok,281592,ok
10,1100,1100,2027904,ok,293312,ok
10,1100,1200,2126108,ok,303392,ok
10,1100,1300,2224360,ok,313376,ok
10,1100,1400,2322720,ok,323452,ok
10,1100,1500,2439184,ok,334788,ok
10,1100,1600,2539032,ok,344944,ok
10,1100,1700,2638956,ok,355004,ok
10,1100,1800,2738864,ok,365072,ok
10,1100,1900,2855688,ok,376572,ok
10,1100,2000,2955276,ok,386432,ok
10,1100,2100,3055700,ok,396568,ok
10,1100,2200,3155752,ok,406624,ok
10,1100,2300,3272484,ok,418144,ok
10,1100,2400,3372272,ok,428200,ok
10,1100,2500,3472440,ok,438252,ok
10,1100,2600,3572560,ok,448028,ok
10,1100,2700,3688880,ok,459712,ok
10,1100,2800,3787988,ok,469764,ok
10,1100,2900,3888120,ok,479820,ok
10,1100,3000,3988472,ok,489868,ok
10,1100,3100,4104680,ok,501412,ok
10,1100,3200,4205180,ok,511336,ok
10,1100,3300,4304708,ok,521332,ok
10,1100,3400,4405240,ok,531260,ok
10,1100,3500,4521624,ok,542976,ok
10,1100,3600,4621528,ok,553024,ok
10,1100,3700,4722040,ok,563076,ok
10,1100,3800,4822008,ok,573000,ok
10,1100,3900,4938420,ok,584512,ok
10,1100,4000,5038712,ok,594596,ok
10,1200,0,931564,ok,184380,ok
10,1200,100,1058404,ok,197044,ok
10,1200,200,1167356,ok,208000,ok
10,1200,300,1294792,ok,220652,ok
10,1200,400,1403672,ok,231612,ok
10,1200,500,1512824,ok,242404,ok
10,1200,600,1621748,ok,253356,ok
10,1200,700,1748964,ok,266144,ok
10,1200,800,1858032,ok,276968,ok
10,1200,900,1967032,ok,287800,ok
10,1200,1000,2076368,ok,298720,ok
10,1200,1100,2203424,ok,311460,ok
10,1200,1200,2312488,ok,322488,ok
10,1200,1300,2421364,ok,333272,ok
10,1200,1400,2530504,ok,344404,ok
10,1200,1500,2657676,ok,356760,ok
10,1200,1600,2766592,ok,367832,ok
10,1200,1700,2875628,ok,378804,ok
10,1200,1800,2984748,ok,389708,ok
10,1200,1900,3111816,ok,402340,ok
10,1200,2000,3220996,ok,413184,ok
10,1200,2100,3330000,ok,424032,ok
10,1200,2200,3438752,ok,434988,ok
10,1200,2300,3566116,ok,447664,ok
10,1200,2400,3675124,ok,458660,ok
10,1200,2500,3784136,ok,469580,ok
10,1200,2600,3893196,ok,480336,ok
10,1200,2700,4020272,ok,492944,ok
10,1200,2800,4128500,ok,504024,ok
10,1200,2900,4237568,ok,514980,ok
10,1200,3000,4346744,ok,525944,ok
10,1200,3100,4473852,ok,538540,ok
10,1200,3200,4582908,ok,549376,ok
10,1200,3300,4691956,ok,560332,ok
10,1200,3400,4801020,ok,571292,ok
10,1200,3500,4928120,ok,583896,ok
10,1200,3600,5037172,ok,594728,ok
10,1200,3700,5146360,ok,605684,ok
10,1200,3800,5255420,ok,616648,ok
10,1200,3900,5382516,ok,629252,ok
10,1200,4000,5491700,ok,640216,ok
10,1300,0,1007724,ok,192000,ok
10,1300,100,1145056,ok,205660,ok
10,1300,200,1262940,ok,217548,ok
10,1300,300,1401028,ok,231264,ok
10,1300,400,1519000,ok,243128,ok
10,1300,500,1637116,ok,254832,ok
10,1300,600,1755172,ok,266700,ok
10,1300,700,1892948,ok,280540,ok
10,1300,800,2011012,ok,292272,ok
10,1300,900,2129024,ok,304108,ok
10,1300,1000,2246992,ok,315844,ok
10,1300,1100,2384672,ok,329688,ok
10,1300,1200,2502572,ok,341580,ok
10,1300,1300,2620644,ok,353460,ok
10,1300,1400,2738560,ok,365356,ok
10,1300,1500,2876432,ok,378832,ok
10,1300,1600,2994456,ok,390716,ok
10,1300,1700,3112300,ok,402596,ok
10,1300,1800,3230512,ok,414480,ok
10,1300,1900,3368104,ok,428108,ok
10,1300,2000,3486212,ok,439860,ok
10,1300,2100,3603824,ok,451732,ok
10,1300,2200,3722108,ok,463604,ok
10,1300,2300,3860004,ok,477252,ok
10,1300,2400,3977972,ok,489128,ok
10,1300,2500,4095948,ok,500876,ok
10,1300,2600,4214096,ok,512748,ok
10,1300,2700,4351668,ok,526396,ok
10,1300,2800,4468724,ok,538272,ok
10,1300,2900,4587004,ok,550140,ok
10,1300,3000,4705144,ok,562016,ok
10,1300,3100,4842700,ok,575608,ok
10,1300,3200,4960892,ok,587308,ok
10,1300,3300,5078736,ok,599188,ok
10,1300,3400,5196748,ok,611152,ok
10,1300,3500,5334524,ok,624820,ok
10,1300,3600,5452660,ok,636688,ok
10,1300,3700,5570808,ok,648368,ok
10,1300,3800,5688444,ok,660300,ok
10,1300,3900,5826544,ok,673968,ok
10,1300,4000,5944436,ok,685836,ok
10,1400,0,1084012,ok,199572,ok
10,1400,100,1231716,ok,214328,ok
10,1400,200,1358860,ok,227096,ok
10,1400,300,1507272,ok,241876,ok
10,1400,400,1634200,ok,254648,ok
10,1400,500,1761404,ok,267260,ok
10,1400,600,1888420,ok,280036,ok
10,1400,700,2036436,ok,294940,ok
10,1400,800,2163720,ok,307480,ok
10,1400,900,2290644,ok,320324,ok
10,1400,1000,2417744,ok,332972,ok
10,1400,1100,2565484,ok,347876,ok
10,1400,1200,2692776,ok,360680,ok
10,1400,1300,2819956,ok,373464,ok
10,1400,1400,2946888,ok,386264,ok
10,1400,1500,3095116,ok,400788,ok
10,1400,1600,3222292,ok,413600,ok
10,1400,1700,3348844,ok,426392,ok
10,1400,1800,3476016,ok,439180,ok
10,1400,1900,3624252,ok,453876,ok
10,1400,2000,3751300,ok,466536,ok
10,1400,2100,3878352,ok,479312,ok
10,1400,2200,4005420,ok,492104,ok
10,1400,2300,4153768,ok,506804,ok
10,1400,2400,4280820,ok,519588,ok
10,1400,2500,4407728,ok,532372,ok
10,1400,2600,4534804,ok,545032,ok
10,1400,2700,4682672,ok,559748,ok
10,1400,2800,4809208,ok,572532,ok
10,1400,2900,4936192,ok,585300,ok
10,1400,3000,5063672,ok,598084,ok
10,1400,3100,5211640,ok,612808,ok
10,1400,3200,5338880,ok,625452,ok
10,1400,3300,5465548,ok,638180,ok
10,1400,3400,5592956,ok,651012,ok
10,1400,3500,5741052,ok,665736,ok
10,1400,3600,5867896,ok,678520,ok
10,1400,3700,5995056,ok,691168,ok
10,1400,3800,6121920,ok,703940,ok
10,1400,3900,6270332,ok,718676,ok
10,1400,4000,6397432,ok,731340,ok
10,1500,0,1160176,ok,207152,ok
10,1500,100,1318496,ok,222960,ok
10,1500,200,1454732,ok,236640,ok
10,1500,300,1613364,ok,252484,ok
10,1500,400,1749400,ok,266160,ok
10,1500,500,1885560,ok,279684,ok
10,1500,600,2021540,ok,293372,ok
10,1500,700,2180176,ok,309332,ok
10,1500,800,2316164,ok,322888,ok
10,1500,900,2452480,ok,336544,ok
10,1500,1000,2588492,ok,350096,ok
10,1500,1100,2746756,ok,366060,ok
10,1500,1200,2882948,ok,379776,ok
10,1500,1300,3018980,ok,393472,ok
10,1500,1400,3154792,ok,407176,ok
10,1500,1500,3314060,ok,422780,ok
10,1500,1600,3449880,ok,436396,ok
10,1500,1700,3585768,ok,450184,ok
10,1500,1800,3721776,ok,463840,ok
10,1500,1900,3880740,ok,479636,ok
10,1500,2000,4016516,ok,493212,ok
10,1500,2100,4152656,ok,506856,ok
10,1500,2200,4288580,ok,520532,ok
10,1500,2300,4447524,ok,536364,ok
10,1500,2400,4583316,ok,550052,ok
10,1500,2500,4719540,ok,563744,ok
10,1500,2600,4855380,ok,577312,ok
10,1500,2700,5013856,ok,593084,ok
10,1500,2800,5149500,ok,606672,ok
10,1500,2900,5285756,ok,620460,ok
10,1500,3000,5422200,ok,634156,ok
10,1500,3100,5580540,ok,649940,ok
10,1500,3200,5716684,ok,663496,ok
10,1500,3300,5852396,ok,677112,ok
10,1500,3400,5988860,ok,690876,ok
10,1500,3500,6147576,ok,706564,ok
10,1500,3600,6283384,ok,720356,ok
10,1500,3700,6419576,ok,733908,ok
10,1500,3800,6555412,ok,747596,ok
10,1500,3900,6714356,ok,763308,ok
10,1500,4000,6850420,ok,776984,ok
10,1600,0,1236164,ok,214660,ok
10,1600,100,1405060,ok,231604,ok
10,1600,200,1550476,ok,246192,ok
10,1600,300,1719624,ok,263092,ok
10,1600,400,1864596,ok,277676,ok
10,1600,500,2009720,ok,292116,ok
10,1600,600,2154660,ok,306656,ok
10,1600,700,2323924,ok,323600,ok
10,1600,800,2468996,ok,338192,ok
10,1600,900,2614016,ok,352760,ok
10,1600,1000,2759120,ok,367220,ok
10,1600,1100,2928164,ok,384244,ok
10,1600,1200,3073324,ok,398868,ok
10,1600,1300,3218292,ok,413476,ok
10,1600,1400,3363272,ok,428088,ok
10,1600,1500,3532432,ok,444760,ok
10,1600,1600,3677592,ok,459368,ok
10,1600,1700,3822572,ok,473976,ok
10,1600,1800,3967664,ok,488580,ok
10,1600,1900,4136756,ok,505404,ok
10,1600,2000,4281856,ok,519884,ok
10,1600,2100,4426960,ok,534480,ok
10,1600,2200,4572076,ok,549084,ok
10,1600,2300,4741156,ok,565916,ok
10,1600,2400,4886136,ok,580516,ok
10,1600,2500,5031036,ok,595112,ok
10,1600,2600,5176272,ok,609592,ok
10,1600,2700,5345456,ok,626432,ok
10,1600,2800,5490168,ok,641032,ok
10,1600,2900,5635328,ok,655620,ok
10,1600,3000,5780472,ok,670228,ok
10,1600,3100,5949304,ok,687068,ok
10,1600,3200,6094460,ok,701424,ok
10,1600,3300,6239608,ok,716132,ok
10,1600,3400,6384504,ok,730736,ok
10,1600,3500,6553840,ok,747584,ok
10,1600,3600,6698716,ok,762184,ok
10,1600,3700,6843784,ok,776644,ok
10,1600,3800,6989180,ok,791244,ok
10,1600,3900,7158260,ok,808100,ok
10,1600,4000,7303412,ok,822696,ok
10,1700,0,1312368,ok,222304,ok
10,1700,100,1491940,ok,240240,ok
10,1700,200,1645960,ok,255740,ok
10,1700,300,1825736,ok,273696,ok
10,1700,400,1979796,ok,289200,ok
10,1700,500,2133880,ok,304544,ok
10,1700,600,2287904,ok,320044,ok
10,1700,700,2467668,ok,338132,ok
10,1700,800,2621704,ok,353500,ok
10,1700,900,2775684,ok,368972,ok
10,1700,1000,2929740,ok,384348,ok
10,1700,1100,3109208,ok,402432,ok
10,1700,1200,3263152,ok,417956,ok
10,1700,1300,3417504,ok,433480,ok
10,1700,1400,3571652,ok,448996,ok
10,1700,1500,3751168,ok,466736,ok
10,1700,1600,3905304,ok,482248,ok
10,1700,1700,4059240,ok,497764,ok
10,1700,1800,4213260,ok,513280,ok
10,1700,1900,4393124,ok,531160,ok
10,1700,2000,4547204,ok,546548,ok
10,1700,2100,4700948,ok,562056,ok
10,1700,2200,4855084,ok,577568,ok
10,1700,2300,5034920,ok,595468,ok
10,1700,2400,5188984,ok,610976,ok
10,1700,2500,5343056,ok,626484,ok
10,1700,2600,5497040,ok,641864,ok
10,1700,2700,5676720,ok,659764,ok
10,1700,2800,5830404,ok,675268,ok
10,1700,2900,5984508,ok,690756,ok
10,1700,3000,6138872,ok,706292,ok
10,1700,3100,6318392,ok,724200,ok
10,1700,3200,6472360,ok,739524,ok
10,1700,3300,6626676,ok,755048,ok
10,1700,3400,6780664,ok,770592,ok
10,1700,3500,6960036,ok,788504,ok
10,1700,3600,7114104,ok,804004,ok
10,1700,3700,7268344,ok,819384,ok
10,1700,3800,7422460,ok,834892,ok
10,1700,3900,7602160,ok,852808,ok
10,1700,4000,7756152,ok,868240,ok
10,1800,0,1388144,ok,229880,ok
10,1800,100,1578592,ok,248804,ok
10,1800,200,1741452,ok,265288,ok
10,1800,300,1931848,ok,284208,ok
10,1800,400,2094872,ok,300616,ok
10,1800,500,2257916,ok,316972,ok
10,1800,600,2420900,ok,333376,ok
10,1800,700,2611152,ok,352524,ok
10,1800,800,2774152,ok,368808,ok
10,1800,900,2937220,ok,385188,ok
10,1800,1000,3100012,ok,401476,ok
10,1800,1100,3290532,ok,420548,ok
10,1800,1200,3453480,ok,437056,ok
10,1800,1300,3616500,ok,453444,ok
10,1800,1400,3779656,ok,469908,ok
10,1800,1500,3969808,ok,488712,ok
10,1800,1600,4132888,ok,505108,ok
10,1800,1700,4295916,ok,521560,ok
10,1800,1800,4458784,ok,537980,ok
10,1800,1900,4649124,ok,556924,ok
10,1800,2000,4812032,ok,573220,ok
10,1800,2100,4975188,ok,589644,ok
10,1800,2200,5138344,ok,606064,ok
10,1800,2300,5328552,ok,625020,ok
10,1800,2400,5491576,ok,641436,ok
10,1800,2500,5654608,ok,657860,ok
10,1800,2600,5817548,ok,674144,ok
10,1800,2700,6007860,ok,693112,ok
10,1800,2800,6170688,ok,709528,ok
10,1800,2900,6333948,ok,725944,ok
10,1800,3000,6497016,ok,742236,ok
10,1800,3100,6687228,ok,761328,ok
10,1800,3200,6850176,ok,777620,ok
10,1800,3300,7013240,ok,794036,ok
10,1800,3400,7176316,ok,810452,ok
10,1800,3500,7366396,ok,829328,ok
10,1800,3600,7529592,ok,845836,ok
10,1800,3700,7692664,ok,862124,ok
10,1800,3800,7855612,ok,878532,ok
10,1800,3900,8045572,ok,897516,ok
10,1800,4000,8208888,ok,913924,ok
10,1900,0,1469364,ok,237460,ok
10,1900,100,1670756,ok,257516,ok
10,1900,200,1842828,ok,274832,ok
10,1900,300,2043136,ok,294916,ok
10,1900,400,2215192,ok,312236,ok
10,1900,500,2387196,ok,329420,ok
10,1900,600,2559284,ok,346716,ok
10,1900,700,2760020,ok,366928,ok
10,1900,800,2932232,ok,384112,ok
10,1900,900,3102980,ok,401412,ok
10,1900,1000,3274704,ok,418600,ok
10,1900,1100,3475876,ok,438804,ok
10,1900,1200,3647916,ok,456148,ok
10,1900,1300,3819632,ok,473488,ok
10,1900,1400,3991876,ok,490820,ok
10,1900,1500,4192780,ok,510684,ok
10,1900,1600,4364948,ok,528016,ok
10,1900,1700,4536812,ok,545224,ok
10,1900,1800,4709040,ok,562684,ok
10,1900,1900,4909736,ok,582696,ok
10,1900,2000,5081732,ok,599896,ok
10,1900,2100,5253688,ok,617220,ok
10,1900,2200,5425708,ok,634556,ok
10,1900,2300,5626788,ok,654576,ok
10,1900,2400,5798776,ok,671904,ok
10,1900,2500,5970640,ok,689224,ok
10,1900,2600,6142928,ok,706428,ok
10,1900,2700,6343220,ok,726452,ok
10,1900,2800,6515444,ok,743780,ok
10,1900,2900,6687616,ok,761104,ok
10,1900,3000,6859512,ok,778380,ok
10,1900,3100,7060216,ok,798356,ok
10,1900,3200,7232124,ok,815656,ok
10,1900,3300,7403904,ok,832888,ok
10,1900,3400,7575936,ok,850304,ok
10,1900,3500,7776764,ok,870344,ok
10,1900,3600,7949048,ok,887664,ok
10,1900,3700,8120696,ok,904860,ok
10,1900,3800,8292504,ok,922188,ok
10,1900,3900,8493552,ok,942224,ok
10,1900,4000,8665716,ok,959544,ok
10,2000,0,1545584,ok,245172,ok
10,2000,100,1757408,ok,266024,ok
10,2000,200,1938276,ok,284252,ok
10,2000,300,2149384,ok,305524,ok
10,2000,400,2330212,ok,323752,ok
10,2000,500,2511356,ok,341828,ok
10,2000,600,2692388,ok,360016,ok
10,2000,700,2903760,ok,381320,ok
10,2000,800,3084676,ok,399420,ok
10,2000,900,3264640,ok,417628,ok
10,2000,1000,3445456,ok,435724,ok
10,2000,1100,3656864,ok,456988,ok
10,2000,1200,3837868,ok,475244,ok
10,2000,1300,4018932,ok,493488,ok
10,2000,1400,4200136,ok,511736,ok
10,2000,1500,4411408,ok,532660,ok
10,2000,1600,4592436,ok,550900,ok
10,2000,1700,4773480,ok,569148,ok
10,2000,1800,4954544,ok,587256,ok
10,2000,1900,5165860,ok,608460,ok
10,2000,2000,5346744,ok,626572,ok
10,2000,2100,5528144,ok,644808,ok
10,2000,2200,5709224,ok,662920,ok
10,2000,2300,5920296,ok,684128,ok
10,2000,2400,6101268,ok,702368,ok
10,2000,2500,6282444,ok,720600,ok
10,2000,2600,6463564,ok,738704,ok
10,2000,2700,6674588,ok,759796,ok
10,2000,2800,6855540,ok,778036,ok
10,2000,2900,7036796,ok,796264,ok
10,2000,3000,7217656,ok,814388,ok
10,2000,3100,7428856,ok,835488,ok
10,2000,3200,7609856,ok,853704,ok
10,2000,3300,7790712,ok,871936,ok
10,2000,3400,7971960,ok,890164,ok
10,2000,3500,8182780,ok,911260,ok
10,2000,3600,8363824,ok,929340,ok
10,2000,3700,8544852,ok,947384,ok
10,2000,3800,8726012,ok,965832,ok
10,2000,3900,8937012,ok,986932,ok
10,2000,4000,9118172,ok,1005164,ok
10,2100,0,1621868,ok,257096,ok
10,2100,100,1844064,ok,279192,ok
10,2100,200,2034056,ok,298036,ok
10,2100,300,2255612,ok,320316,ok
10,2100,400,2445480,ok,339220,ok
10,2100,500,2635640,ok,358316,ok
10,2100,600,2825760,ok,377152,ok
10,2100,700,3047188,ok,399440,ok
10,2100,800,3237236,ok,418532,ok
10,2100,900,3426176,ok,437180,ok
10,2100,1000,3615952,ok,456400,ok
10,2100,1100,3837860,ok,478440,ok
10,2100,1200,4027948,ok,497696,ok
10,2100,1300,4218084,ok,516580,ok
10,2100,1400,4408392,ok,536008,ok
10,2100,1500,4629776,ok,557496,ok
10,2100,1600,4820032,ok,576688,ok
10,2100,1700,5010284,ok,595780,ok
10,2100,1800,5200048,ok,614848,ok
10,2100,1900,5422132,ok,636572,ok
10,2100,2000,5611792,ok,655688,ok
10,2100,2100,5801980,ok,674788,ok
10,2100,2200,5992200,ok,694040,ok
10,2100,2300,6214012,ok,715656,ok
10,2100,2400,6403848,ok,735032,ok
10,2100,2500,6593932,ok,753800,ok
10,2100,2600,6784208,ok,773008,ok
10,2100,2700,7005620,ok,794884,ok
10,2100,2800,7195652,ok,813912,ok
10,2100,2900,7385856,ok,833004,ok
10,2100,3000,7575592,ok,852052,ok
10,2100,3100,7797628,ok,874028,ok
10,2100,3200,7987652,ok,893264,ok
10,2100,3300,8177516,ok,912248,ok
10,2100,3400,8367740,ok,931224,ok
10,2100,3500,8589308,ok,953052,ok
10,2100,3600,8779160,ok,972248,ok
10,2100,3700,8969096,ok,991120,ok
10,2100,3800,9159004,ok,1010336,ok
10,2100,3900,9380976,ok,1032396,ok
10,2100,4000,9570552,ok,1051132,ok
10,2200,0,1758828,ok,349432,ok
10,2200,100,1988704,ok,372572,ok
10,2200,200,2185352,ok,392448,ok
10,2200,300,2414568,ok,415612,ok
10,2200,400,2610968,ok,435668,ok
10,2200,500,2807628,ok,455480,ok
10,2200,600,3004452,ok,475240,ok
10,2200,700,3233748,ok,498704,ok
10,2200,800,3430164,ok,518576,ok
10,2200,900,3625896,ok,538388,ok
10,2200,1000,3822160,ok,558264,ok
10,2200,1100,4051872,ok,581484,ok
10,2200,1200,4248488,ok,601556,ok
10,2200,1300,4444900,ok,621644,ok
10,2200,1400,4641604,ok,641620,ok
10,2200,1500,4871260,ok,664392,ok
10,2200,1600,5067912,ok,684452,ok
10,2200,1700,5264492,ok,704288,ok
10,2200,1800,5461104,ok,724392,ok
10,2200,1900,5690404,ok,747304,ok
10,2200,2000,5887228,ok,767212,ok
10,2200,2100,6083920,ok,787112,ok
10,2200,2200,6280616,ok,807140,ok
10,2200,2300,6509948,ok,829944,ok
10,2200,2400,6706768,ok,849980,ok
10,2200,2500,6905812,ok,869948,ok
10,2200,2600,7104932,ok,889968,ok
10,2200,2700,7336896,ok,912704,ok
10,2200,2800,7535964,ok,932884,ok
10,2200,2900,7735040,ok,952900,ok
10,2200,3000,7934188,ok,972796,ok
10,2200,3100,8166248,ok,995896,ok
10,2200,3200,8364972,ok,1015684,ok
10,2200,3300,8564040,ok,1035800,ok
10,2200,3400,8763236,ok,1055600,ok
10,2200,3500,8995616,ok,1078676,ok
10,2200,3600,9194444,ok,1098560,ok
10,2200,3700,9393592,ok,1118576,ok
10,2200,3800,9592380,ok,1138564,ok
10,2200,3900,9824636,ok,1161380,ok
10,2200,4000,10023716,ok,1181448,ok
10,2300,0,1774164,ok,357120,ok
10,2300,100,2017140,ok,381208,ok
10,2300,200,2225028,ok,402120,ok
10,2300,300,2467940,ok,426400,ok
10,2300,400,2675748,ok,447072,ok
10,2300,500,2884004,ok,467812,ok
10,2300,600,3091964,ok,488556,ok
10,2300,700,3334512,ok,513084,ok
10,2300,800,3542584,ok,533852,ok
10,2300,900,3749684,ok,554496,ok
10,2300,1000,3957616,ok,575388,ok
10,2300,1100,4200576,ok,599672,ok
10,2300,1200,4408660,ok,620652,ok
10,2300,1300,4616368,ok,641604,ok
10,2300,1400,4824424,ok,662572,ok
10,2300,1500,5067576,ok,686376,ok
10,2300,1600,5275808,ok,707304,ok
10,2300,1700,5483524,ok,728148,ok
10,2300,1800,5691824,ok,749092,ok
10,2300,1900,5934320,ok,773068,ok
10,2300,2000,6142268,ok,793888,ok
10,2300,2100,6350612,ok,814820,ok
10,2300,2200,6558592,ok,835636,ok
10,2300,2300,6801492,ok,859632,ok
10,2300,2400,7009392,ok,880564,ok
10,2300,2500,7217324,ok,901344,ok
10,2300,2600,7425676,ok,922308,ok
10,2300,2700,7667988,ok,946212,ok
10,2300,2800,7876188,ok,967108,ok
10,2300,2900,8084352,ok,988060,ok
10,2300,3000,8292176,ok,1008816,ok
10,2300,3100,8534888,ok,1033024,ok
10,2300,3200,8742800,ok,1053824,ok
10,2300,3300,8950704,ok,1074584,ok
10,2300,3400,9158852,ok,1095440,ok
10,2300,3500,9401436,ok,1119596,ok
10,2300,3600,9609820,ok,1140264,ok
10,2300,3700,9817484,ok,1161312,ok
10,2300,3800,10025412,ok,1182244,ok
10,2300,3900,10268468,ok,1206296,ok
10,2300,4000,10476340,ok,1227088,ok
10,2400,0,1850080,ok,364672,ok
10,2400,100,2103872,ok,389844,ok
10,2400,200,2320972,ok,411664,ok
10,2400,300,2574056,ok,437004,ok
10,2400,400,2790948,ok,458648,ok
10,2400,500,3007920,ok,480228,ok
10,2400,600,3225184,ok,502032,ok
10,2400,700,3478068,ok,527492,ok
10,2400,800,3695292,ok,548964,ok
10,2400,900,3911412,ok,570808,ok
10,2400,1000,4128364,ok,592416,ok
10,2400,1100,4381540,ok,617792,ok
10,2400,1200,4598584,ok,639744,ok
10,2400,1300,4815456,ok,661560,ok
10,2400,1400,5032792,ok,683396,ok
10,2400,1500,5286348,ok,708320,ok
10,2400,1600,5503392,ok,730084,ok
10,2400,1700,5720196,ok,751940,ok
10,2400,1800,5937232,ok,773796,ok
10,2400,1900,6190444,ok,798508,ok
10,2400,2000,6407644,ok,820436,ok
10,2400,2100,6624668,ok,842404,ok
10,2400,2200,6842028,ok,864124,ok
10,2400,2300,7095176,ok,889188,ok
10,2400,2400,7312180,ok,910904,ok
10,2400,2500,7529136,ok,932748,ok
10,2400,2600,7746216,ok,954592,ok
10,2400,2700,7999388,ok,979676,ok
10,2400,2800,8216400,ok,1001392,ok
10,2400,2900,8433536,ok,1023152,ok
10,2400,3000,8650260,ok,1044940,ok
10,2400,3100,8903464,ok,1070160,ok
10,2400,3200,9120436,ok,1091804,ok
10,2400,3300,9337496,ok,1113484,ok
10,2400,3400,9554524,ok,1135368,ok
10,2400,3500,9807732,ok,1160408,ok
10,2400,3600,10024912,ok,1182136,ok
10,2400,3700,10241800,ok,1204056,ok
10,2400,3800,10458612,ok,1225836,ok
10,2400,3900,10712020,over_10gb,1250908,ok
10,2400,4000,10929316,over_10gb,1272656,ok
10,2500,0,1926292,ok,372268,ok
10,2500,100,2190368,ok,398480,ok
10,2500,200,2416512,ok,421220,ok
10,2500,300,2680296,ok,447616,ok
10,2500,400,2906148,ok,470112,ok
10,2500,500,3132072,ok,492756,ok
10,2500,600,3358300,ok,515224,ok
10,2500,700,3622008,ok,541768,ok
10,2500,800,3847992,ok,564500,ok
10,2500,900,4072900,ok,586908,ok
10,2500,1000,4299116,ok,609644,ok
10,2500,1100,4562780,ok,636044,ok
10,2500,1200,4788812,ok,658836,ok
10,2500,1300,5014904,ok,681616,ok
10,2500,1400,5241216,ok,704264,ok
10,2500,1500,5504832,ok,730320,ok
10,2500,1600,5731104,ok,752956,ok
10,2500,1700,5956988,ok,775612,ok
10,2500,1800,6182844,ok,798496,ok
10,2500,1900,6446788,ok,824468,ok
10,2500,2000,6672944,ok,847116,ok
10,2500,2100,6898964,ok,869984,ok
10,2500,2200,7125032,ok,892592,ok
10,2500,2300,7388796,ok,918684,ok
10,2500,2400,7614760,ok,941468,ok
10,2500,2500,7840844,ok,964120,ok
10,2500,2600,8066984,ok,986868,ok
10,2500,2700,8330476,ok,1013020,ok
10,2500,2800,8556516,ok,1035640,ok
10,2500,2900,8782352,ok,1058336,ok
10,2500,3000,9008748,ok,1081008,ok
10,2500,3100,9272356,ok,1107248,ok
10,2500,3200,9498380,ok,1129820,ok
10,2500,3300,9724416,ok,1152460,ok
10,2500,3400,9950388,ok,1175148,ok
10,2500,3500,10214176,ok,1201444,ok
10,2500,3600,10439720,ok,1224188,ok
10,2500,3700,10666108,over_10gb,1246708,ok
10,2500,3800,10892128,over_10gb,1269436,ok
10,2500,3900,11155548,over_10gb,1295596,ok
10,2600,0,2002412,ok,379724,ok
10,2600,100,2277188,ok,407124,ok
10,2600,200,2511948,ok,430764,ok
10,2600,300,2786280,ok,458228,ok
10,2600,400,3021092,ok,481736,ok
10,2600,500,3256192,ok,505188,ok
10,2600,600,3491420,ok,528640,ok
10,2600,700,3765628,ok,556292,ok
10,2600,800,4000548,ok,579804,ok
10,2600,900,4234904,ok,603256,ok
10,2600,1000,4469744,ok,626764,ok
10,2600,1100,4744016,ok,654180,ok
10,2600,1200,4979152,ok,677924,ok
10,2600,1300,5213960,ok,701512,ok
10,2600,1400,5449116,ok,725176,ok
10,2600,1500,5723532,ok,752220,ok
10,2600,1600,5958720,ok,775888,ok
10,2600,1700,6193652,ok,799420,ok
10,2600,1800,6428712,ok,823196,ok
10,2600,1900,6702992,ok,850352,ok
10,2600,2000,6937976,ok,873904,ok
10,2600,2100,7172940,ok,897568,ok
10,2600,2200,7408016,ok,920980,ok
10,2600,2300,7682412,ok,948296,ok
10,2600,2400,7917332,ok,971952,ok
10,2600,2500,8152392,ok,995488,ok
10,2600,2600,8387604,ok,1019104,ok
10,2600,2700,8661476,ok,1046232,ok
10,2600,2800,8896772,ok,1069892,ok
10,2600,2900,9131608,ok,1093508,ok
10,2600,3000,9366872,ok,1117048,ok
10,2600,3100,9640804,ok,1144352,ok
10,2600,3200,9875848,ok,1167752,ok
10,2600,3300,10110844,ok,1191376,ok
10,2600,3400,10345984,ok,1215028,ok
10,2600,3500,10620144,over_10gb,1242360,ok
10,2600,3600,10855148,over_10gb,1265952,ok
10,2600,3700,11090316,over_10gb,1289528,ok
10,2700,0,2078928,ok,387368,ok
10,2700,100,2363712,ok,415760,ok
10,2700,200,2607692,ok,440312,ok
10,2700,300,2892520,ok,468696,ok
10,2700,400,3136168,ok,493260,ok
10,2700,500,3380512,ok,517592,ok
10,2700,600,3624456,ok,542036,ok
10,2700,700,3908940,ok,570684,ok
10,2700,800,4153268,ok,594960,ok
10,2700,900,4396504,ok,619472,ok
10,2700,1000,4640364,ok,643792,ok
10,2700,1100,4925500,ok,672416,ok
10,2700,1200,5169600,ok,697024,ok
10,2700,1300,5413260,ok,721620,ok
10,2700,1400,5657356,ok,746176,ok
10,2700,1500,5942064,ok,774140,ok
10,2700,1600,6186528,ok,798772,ok
10,2700,1700,6430168,ok,823280,ok
10,2700,1800,6674612,ok,847896,ok
10,2700,1900,6959256,ok,876124,ok
10,2700,2000,7203248,ok,900576,ok
10,2700,2100,7447380,ok,925148,ok
10,2700,2200,7691308,ok,949592,ok
10,2700,2300,7976156,ok,977848,ok
10,2700,2400,8220240,ok,1002408,ok
10,2700,2500,8464212,ok,1026668,ok
10,2700,2600,8708456,ok,1051316,ok
10,2700,2700,8992712,ok,1079636,ok
10,2700,2800,9236832,ok,1104136,ok
10,2700,2900,9480896,ok,1128616,ok
10,2700,3000,9724908,ok,1153144,ok
10,2700,3100,10009704,ok,1181552,ok
10,2700,3200,10253608,ok,1205988,ok
10,2700,3300,10497664,over_10gb,1230424,ok
10,2700,3400,10741492,over_10gb,1254960,ok
10,2700,3500,11026248,over_10gb,1283104,ok
10,2800,0,2154836,ok,395004,ok
10,2800,100,2450372,ok,424360,ok
10,2800,200,2703408,ok,449736,ok
10,2800,300,2998536,ok,479444,ok
10,2800,400,3251000,ok,504780,ok
10,2800,500,3504380,ok,530044,ok
10,2800,600,3757436,ok,555296,ok
10,2800,700,4052728,ok,584988,ok
10,2800,800,4305688,ok,610420,ok
10,2800,900,4558296,ok,635692,ok
10,2800,1000,4811088,ok,661020,ok
10,2800,1100,5106616,ok,690596,ok
10,2800,1200,5359508,ok,716072,ok
10,2800,1300,5612424,ok,741624,ok
10,2800,1400,5865148,ok,766996,ok
10,2800,1500,6160896,ok,796112,ok
10,2800,1600,6413972,ok,821676,ok
10,2800,1700,6667140,ok,847104,ok
10,2800,1800,6920140,ok,872600,ok
10,2800,1900,7215228,ok,901852,ok
10,2800,2000,7468448,ok,927184,ok
10,2800,2100,7721588,ok,952728,ok
10,2800,2200,7974700,ok,978036,ok
10,2800,2300,8269808,ok,1007396,ok
10,2800,2400,8522964,ok,1032852,ok
10,2800,2500,8775616,ok,1058232,ok
10,2800,2600,9028824,ok,1083584,ok
10,2800,2700,9323944,ok,1112916,ok
10,2800,2800,9577028,ok,1138392,ok
10,2800,2900,9830140,ok,1163868,ok
10,2800,3000,10083052,ok,1189212,ok
10,2800,3100,10378300,ok,1218660,ok
10,2800,3200,10631288,over_10gb,1243972,ok
10,2800,3300,10884344,over_10gb,1269500,ok
10,2800,3400,11137252,over_10gb,1294728,ok
10,2900,0,2231124,ok,402580,ok
10,2900,100,2537028,ok,433040,ok
10,2900,200,2799052,ok,459408,ok
10,2900,300,3104744,ok,490048,ok
10,2900,400,3366436,ok,516292,ok
10,2900,500,3628472,ok,542468,ok
10,2900,600,3890784,ok,568708,ok
10,2900,700,4196600,ok,599484,ok
10,2900,800,4458316,ok,625724,ok
10,2900,900,4720024,ok,651736,ok
10,2900,1000,4981996,ok,678144,ok
10,2900,1100,5287868,ok,708788,ok
10,2900,1200,5549888,ok,735212,ok
10,2900,1300,5811656,ok,761560,ok
10,2900,1400,6074008,ok,788036,ok
10,2900,1500,6379724,ok,818220,ok
10,2900,1600,6641824,ok,844628,ok
10,2900,1700,6903940,ok,870904,ok
10,2900,1800,7165876,ok,897304,ok
10,2900,1900,7471508,ok,927652,ok
10,2900,2000,7733524,ok,953920,ok
10,2900,2100,7995544,ok,980312,ok
10,2900,2200,8257664,ok,1006452,ok
10,2900,2300,8563580,ok,1036956,ok
10,2900,2400,8825284,ok,1063344,ok
10,2900,2500,9087452,ok,1089532,ok
10,2900,2600,9349672,ok,1115988,ok
10,2900,2700,9655236,ok,1146348,ok
10,2900,2800,9917516,ok,1172632,ok
10,2900,2900,10179288,ok,1199028,ok
10,2900,3000,10441076,ok,1225284,ok
10,2900,3100,10747236,over_10gb,1255820,ok
10,2900,3200,11009164,over_10gb,1282076,ok
10,2900,3300,11271044,over_10gb,1308324,ok
10,3000,0,2307284,ok,410160,ok
10,3000,100,2623680,ok,441560,ok
10,3000,200,2894332,ok,468956,ok
10,3000,300,3210980,ok,500656,ok
10,3000,400,3481760,ok,527804,ok
10,3000,500,3752996,ok,554900,ok
10,3000,600,4024032,ok,582052,ok
10,3000,700,4340216,ok,613880,ok
10,3000,800,4611260,ok,641032,ok
10,3000,900,4881816,ok,668008,ok
10,3000,1000,5152384,ok,695272,ok
10,3000,1100,5468888,ok,726976,ok
10,3000,1200,5740204,ok,754312,ok
10,3000,1300,6010700,ok,781628,ok
10,3000,1400,6282268,ok,808952,ok
10,3000,1500,6598480,ok,840104,ok
10,3000,1600,6869536,ok,867332,ok
10,3000,1700,7140468,ok,894696,ok
10,3000,1800,7411636,ok,922000,ok
10,3000,1900,7727972,ok,953332,ok
10,3000,2000,7998636,ok,980600,ok
10,3000,2100,8269816,ok,1007892,ok
10,3000,2200,8540764,ok,1035028,ok
10,3000,2300,8857108,ok,1066512,ok
10,3000,2400,9128016,ok,1093752,ok
10,3000,2500,9399156,ok,1120976,ok
10,3000,2600,9670388,ok,1148272,ok
10,3000,2700,9986148,ok,1179600,ok
10,3000,2800,10257392,ok,1206864,ok
10,3000,2900,10528424,over_10gb,1233968,ok
10,3000,3000,10799504,over_10gb,1261348,ok
10,3000,3100,11115472,over_10gb,1292916,ok
10,3100,0,2383348,ok,417736,ok
10,3100,100,2710172,ok,450192,ok
10,3100,200,2990028,ok,478380,ok
10,3100,300,3316764,ok,511004,ok
10,3100,400,3596592,ok,539328,ok
10,3100,500,3876984,ok,567324,ok
10,3100,600,4157152,ok,595260,ok
10,3100,700,4483396,ok,628280,ok
10,3100,800,4763876,ok,656340,ok
10,3100,900,5043604,ok,684320,ok
10,3100,1000,5323376,ok,712396,ok
10,3100,1100,5650176,ok,745128,ok
10,3100,1200,5930432,ok,773408,ok
10,3100,1300,6210072,ok,801632,ok
10,3100,1400,6490264,ok,829868,ok
10,3100,1500,6817044,ok,862152,ok
10,3100,1600,7097128,ok,890192,ok
10,3100,1700,7377284,ok,918492,ok
10,3100,1800,7657392,ok,946704,ok
10,3100,1900,7983708,ok,979056,ok
10,3100,2000,8263728,ok,1007280,ok
10,3100,2100,8543952,ok,1035388,ok
10,3100,2200,8824236,ok,1063560,ok
10,3100,2300,9150744,ok,1095956,ok
10,3100,2400,9430992,ok,1124272,ok
10,3100,2500,9710796,ok,1152212,ok
10,3100,2600,9991208,ok,1180424,ok
10,3100,2700,10317636,ok,1213072,ok
10,3100,2800,10597836,over_10gb,1241148,ok
10,3100,2900,10877552,over_10gb,1269288,ok
10,3100,3000,11157752,over_10gb,1297392,ok
10,3200,0,2459472,ok,425212,ok
10,3200,100,2796700,ok,458944,ok
10,3200,200,3085732,ok,487924,ok
10,3200,300,3422856,ok,521720,ok
10,3200,400,3712032,ok,550840,ok
10,3200,500,4001056,ok,579724,ok
10,3200,600,4290144,ok,608720,ok
10,3200,700,4627148,ok,642680,ok
10,3200,800,4916536,ok,671480,ok
10,3200,900,5205020,ok,700436,ok
10,3200,1000,5494092,ok,729528,ok
10,3200,1100,5831228,ok,763308,ok
10,3200,1200,6120512,ok,792508,ok
10,3200,1300,6409364,ok,821508,ok
10,3200,1400,6698308,ok,850780,ok
10,3200,1500,7035716,ok,884144,ok
10,3200,1600,7324872,ok,913280,ok
10,3200,1700,7613528,ok,942280,ok
10,3200,1800,7903028,ok,971240,ok
10,3200,1900,8240056,ok,1004860,ok
10,3200,2000,8528996,ok,1033832,ok
10,3200,2100,8818232,ok,1063060,ok
10,3200,2200,9107500,ok,1092012,ok
10,3200,2300,9444536,ok,1125580,ok
10,3200,2400,9733480,ok,1154736,ok
10,3200,2500,10022364,ok,1183680,ok
10,3200,2600,10311628,ok,1212812,ok
10,3200,2700,10648772,over_10gb,1246416,ok
10,3200,2800,10937904,over_10gb,1275296,ok
10,3200,2900,11227020,over_10gb,1304388,ok
10,3300,0,2535504,ok,432892,ok
10,3300,100,2883496,ok,467596,ok
10,3300,200,3181640,ok,497448,ok
10,3300,300,3528988,ok,532428,ok
10,3300,400,3827236,ok,562360,ok
10,3300,500,4125348,ok,592100,ok
10,3300,600,4423392,ok,621900,ok
10,3300,700,4770984,ok,657072,ok
10,3300,800,5068900,ok,686828,ok
10,3300,900,5366716,ok,716776,ok
10,3300,1000,5665004,ok,746520,ok
10,3300,1100,6012732,ok,781520,ok
10,3300,1200,6310720,ok,811512,ok
10,3300,1300,6608680,ok,841644,ok
10,3300,1400,6906428,ok,871696,ok
10,3300,1500,7254456,ok,906120,ok
10,3300,1600,7552432,ok,936164,ok
10,3300,1700,7850632,ok,966072,ok
10,3300,1800,8148552,ok,996112,ok
10,3300,1900,8496388,ok,1030712,ok
10,3300,2000,8794484,ok,1060620,ok
10,3300,2100,9092500,ok,1090640,ok
10,3300,2200,9390636,ok,1120552,ok
10,3300,2300,9738368,ok,1155104,ok
10,3300,2400,10036396,ok,1185120,ok
10,3300,2500,10334420,ok,1215092,ok
10,3300,2600,10632288,over_10gb,1245120,ok
10,3300,2700,10980004,over_10gb,1279540,ok
10,3300,2800,11277884,over_10gb,1309660,ok
10,3400,0,2611924,ok,440464,ok
10,3400,100,2969824,ok,476092,ok
10,3400,200,3277256,ok,507144,ok
10,3400,300,3635432,ok,543092,ok
10,3400,400,3942304,ok,573748,ok
10,3400,500,4249504,ok,604488,ok
10,3400,600,4556332,ok,635400,ok
10,3400,700,4914684,ok,671448,ok
10,3400,800,5221684,ok,701920,ok
10,3400,900,5528452,ok,732992,ok
10,3400,1000,5835372,ok,763772,ok
10,3400,1100,6193788,ok,799528,ok
10,3400,1200,6500800,ok,830568,ok
10,3400,1300,6807860,ok,861608,ok
10,3400,1400,7114904,ok,892608,ok
10,3400,1500,7473060,ok,928096,ok
10,3400,1600,7780160,ok,959048,ok
10,3400,1700,8087428,ok,989748,ok
10,3400,1800,8394420,ok,1020840,ok
10,3400,1900,8752572,ok,1056432,ok
10,3400,2000,9059372,ok,1087292,ok
10,3400,2100,9366248,ok,1118140,ok
10,3400,2200,9673324,ok,1149016,ok
10,3400,2300,10031832,ok,1184676,ok
10,3400,2400,10338956,ok,1215652,ok
10,3400,2500,10645972,over_10gb,1246440,ok
10,3400,2600,10952944,over_10gb,1277396,ok
10,3400,2700,11311044,over_10gb,1312860,ok
10,3500,0,2687956,ok,448044,ok
10,3500,100,3056836,ok,484808,ok
10,3500,200,3372744,ok,516548,ok
10,3500,300,3741540,ok,553704,ok
10,3500,400,4057192,ok,585396,ok
10,3500,500,4373512,ok,616920,ok
10,3500,600,4689448,ok,648700,ok
10,3500,700,5057876,ok,685872,ok
10,3500,800,5374524,ok,717568,ok
10,3500,900,5690216,ok,749084,ok
10,3500,1000,6006132,ok,780776,ok
10,3500,1100,6375012,ok,817776,ok
10,3500,1200,6691040,ok,849696,ok
10,3500,1300,7006904,ok,881608,ok
10,3500,1400,7323064,ok,913512,ok
10,3500,1500,7692028,ok,950028,ok
10,3500,1600,8008032,ok,981932,ok
10,3500,1700,8323908,ok,1013648,ok
10,3500,1800,8640176,ok,1045512,ok
10,3500,1900,9008800,ok,1082184,ok
10,3500,2000,9324688,ok,1113960,ok
10,3500,2100,9640820,ok,1145764,ok
10,3500,2200,9956804,ok,1177528,ok
10,3500,2300,10325500,ok,1214280,ok
10,3500,2400,10641616,over_10gb,1246120,ok
10,3500,2500,10957492,over_10gb,1277832,ok
10,3500,2600,11273840,over_10gb,1309676,ok
10,3600,0,2764116,ok,455620,ok
10,3600,100,3143360,ok,493468,ok
10,3600,200,3468232,ok,526244,ok
10,3600,300,3847480,ok,564312,ok
10,3600,400,4172408,ok,596816,ok
10,3600,500,4497568,ok,629464,ok
10,3600,600,4822556,ok,661944,ok
10,3600,700,5201712,ok,700240,ok
10,3600,800,5526772,ok,732520,ok
10,3600,900,5852052,ok,765292,ok
10,3600,1000,6176924,ok,798032,ok
10,3600,1100,6556220,ok,836044,ok
10,3600,1200,6881344,ok,868780,ok
10,3600,1300,7206192,ok,901592,ok
10,3600,1400,7531420,ok,934292,ok
10,3600,1500,7910504,ok,972044,ok
10,3600,1600,8235424,ok,1004812,ok
10,3600,1700,8560600,ok,1037336,ok
10,3600,1800,8885656,ok,1070216,ok
10,3600,1900,9264660,ok,1108000,ok
10,3600,2000,9589664,ok,1140612,ok
10,3600,2100,9914932,ok,1173304,ok
10,3600,2200,10240044,ok,1206016,ok
10,3600,2300,10619332,over_10gb,1243596,ok
10,3600,2400,10944156,over_10gb,1276580,ok
10,3600,2500,11269440,over_10gb,1309096,ok
10,3700,0,2850284,ok,463200,ok
10,3700,100,3240444,ok,502152,ok
10,3700,200,3574088,ok,535792,ok
10,3700,300,3963620,ok,574908,ok
10,3700,400,4297508,ok,608428,ok
10,3700,500,4631844,ok,641896,ok
10,3700,600,4964956,ok,675408,ok
10,3700,700,5355000,ok,714616,ok
10,3700,800,5689276,ok,748180,ok
10,3700,900,6024724,ok,781512,ok
10,3700,1000,6358768,ok,815152,ok
10,3700,1100,6747960,ok,854280,ok
10,3700,1200,7082312,ok,887944,ok
10,3700,1300,7415992,ok,921656,ok
10,3700,1400,7750424,ok,955280,ok
10,3700,1500,8139888,ok,994020,ok
10,3700,1600,8473900,ok,1027648,ok
10,3700,1700,8808200,ok,1061116,ok
10,3700,1800,9141780,ok,1094748,ok
10,3700,1900,9531748,ok,1133732,ok
10,3700,2000,9865304,ok,1167188,ok
10,3700,2100,10199564,ok,1200968,ok
10,3700,2200,10533564,over_10gb,1234440,ok
10,3700,2300,10922960,over_10gb,1273252,ok
10,3700,2400,11257300,over_10gb,1306916,ok
10,3800,0,2926544,ok,470776,ok
10,3800,100,3327040,ok,510612,ok
10,3800,200,3669832,ok,545336,ok
10,3800,300,4069636,ok,585508,ok
10,3800,400,4412684,ok,619952,ok
10,3800,500,4756028,ok,654320,ok
10,3800,600,5097988,ok,688616,ok
10,3800,700,5498684,ok,728988,ok
10,3800,800,5841876,ok,763488,ok
10,3800,900,6186104,ok,797788,ok
10,3800,1000,6529272,ok,832152,ok
10,3800,1100,6929132,ok,872452,ok
10,3800,1200,7272644,ok,907044,ok
10,3800,1300,7615288,ok,941656,ok
10,3800,1400,7958444,ok,976248,ok
10,3800,1500,8358460,ok,1015836,ok
10,3800,1600,8701652,ok,1050476,ok
10,3800,1700,9044744,ok,1084952,ok
10,3800,1800,9387364,ok,1119616,ok
10,3800,1900,9787572,ok,1159344,ok
10,3800,2000,10130404,ok,1193984,ok
10,3800,2100,10473740,ok,1228424,ok
10,3800,2200,10816692,over_10gb,1263000,ok
10,3800,2300,11216392,over_10gb,1302940,ok
10,3800,2400,11559848,over_10gb,1337380,ok
10,3900,0,3002588,ok,478352,ok
10,3900,100,3413692,ok,519396,ok
10,3900,200,3765468,ok,554884,ok
10,3900,300,4175592,ok,596016,ok
10,3900,400,4527908,ok,631468,ok
10,3900,500,4880164,ok,666624,ok
10,3900,600,5231224,ok,701872,ok
10,3900,700,5642168,ok,743456,ok
10,3900,800,5994616,ok,778780,ok
10,3900,900,6347724,ok,814056,ok
10,3900,1000,6699840,ok,849280,ok
10,3900,1100,7109904,ok,890616,ok
10,3900,1200,7462548,ok,926168,ok
10,3900,1300,7814456,ok,961536,ok
10,3900,1400,8166636,ok,997160,ok
10,3900,1500,8577208,ok,1037972,ok
10,3900,1600,8929056,ok,1073456,ok
10,3900,1700,9281216,ok,1108836,ok
10,3900,1800,9632956,ok,1144260,ok
10,3900,1900,10043780,ok,1185272,ok
10,3900,2000,10395452,ok,1220660,ok
10,3900,2100,10748060,over_10gb,1256104,ok
10,3900,2200,11100116,over_10gb,1291488,ok
10,3900,2300,11510044,over_10gb,1332496,ok
10,4000,0,3078684,ok,485804,ok
10,4000,100,3500316,ok,527948,ok
10,4000,200,3860936,ok,564436,ok
10,4000,300,4282084,ok,606744,ok
10,4000,400,4642884,ok,642988,ok
10,4000,500,5004080,ok,679180,ok
10,4000,600,5364300,ok,715364,ok
10,4000,700,5786104,ok,757664,ok
10,4000,800,6147388,ok,794100,ok
10,4000,900,6509512,ok,830216,ok
10,4000,1000,6870532,ok,866408,ok
10,4000,1100,7291320,ok,908844,ok
10,4000,1200,7652580,ok,945260,ok
10,4000,1300,8013620,ok,981364,ok
10,4000,1400,8374736,ok,1018076,ok
10,4000,1500,8795984,ok,1059948,ok
10,4000,1600,9157024,ok,1096352,ok
10,4000,1700,9518040,ok,1132628,ok
10,4000,1800,9878768,ok,1169068,ok
10,4000,1900,10299972,ok,1211004,ok
10,4000,2000,10660784,over_10gb,1247336,ok
10,4000,2100,11021972,over_10gb,1283712,ok
10,4000,2200,11383212,over_10gb,1319980,ok
10,4100,0,3155156,ok,496992,ok
10,4100,100,3586884,ok,540116,ok
10,4100,200,3956556,ok,577312,ok
10,4100,300,4388200,ok,620388,ok
10,4100,400,4758304,ok,657404,ok
10,4100,500,5128228,ok,694196,ok
10,4100,600,5497440,ok,731272,ok
10,4100,700,5929852,ok,774556,ok
10,4100,800,6300088,ok,811624,ok
10,4100,900,6671096,ok,848300,ok
10,4100,1000,7041264,ok,885364,ok
10,4100,1100,7472436,ok,928784,ok
10,4100,1200,7842864,ok,965980,ok
10,4100,1300,8212660,ok,1003160,ok
10,4100,1400,8583196,ok,1040440,ok
10,4100,1500,9014380,ok,1082676,ok
10,4100,1600,9384736,ok,1119840,ok
10,4100,1700,9754404,ok,1157164,ok
10,4100,1800,10124440,ok,1194432,ok
10,4100,1900,10556256,over_10gb,1236828,ok
10,4100,2000,10925744,over_10gb,1274008,ok
10,4100,2100,11296060,over_10gb,1311300,ok
10,4200,0,3231188,ok,509280,ok
10,4200,100,3673540,ok,553240,ok
10,4200,200,4052104,ok,590964,ok
10,4200,300,4494004,ok,635560,ok
10,4200,400,4872864,ok,673404,ok
10,4200,500,5252456,ok,710904,ok
10,4200,600,5630816,ok,748968,ok
10,4200,700,6073464,ok,793180,ok
10,4200,800,6452796,ok,831284,ok
10,4200,900,6832660,ok,868840,ok
10,4200,1000,7211812,ok,906756,ok
10,4200,1100,7653528,ok,951060,ok
10,4200,1200,8033220,ok,989352,ok
10,4200,1300,8411644,ok,1027496,ok
10,4200,1400,8790940,ok,1065828,ok
10,4200,1500,9233032,ok,1108872,ok
10,4200,1600,9612032,ok,1147128,ok
10,4200,1700,9991172,ok,1185312,ok
10,4200,1800,10370024,ok,1223292,ok
10,4200,1900,10812088,over_10gb,1266816,ok
10,4200,2000,11191156,over_10gb,1304992,ok
10,4200,2100,11570396,over_10gb,1343020,ok
10,4300,0,3307220,ok,521088,ok
10,4300,100,3760452,ok,566216,ok
10,4300,200,4147904,ok,605004,ok
10,4300,300,4600484,ok,650288,ok
10,4300,400,4988352,ok,689276,ok
10,4300,500,5376672,ok,727716,ok
10,4300,600,5763824,ok,766636,ok
10,4300,700,6216824,ok,812060,ok
10,4300,800,6605316,ok,850944,ok
10,4300,900,6994140,ok,889372,ok
10,4300,1000,7382496,ok,928212,ok
10,4300,1100,7834428,ok,973604,ok
10,4300,1200,8222916,ok,1012744,ok
10,4300,1300,8610744,ok,1051852,ok
10,4300,1400,8998940,ok,1091096,ok
10,4300,1500,9451640,ok,1135220,ok
10,4300,1600,9839632,ok,1174256,ok
10,4300,1700,10227848,ok,1213168,ok
10,4300,1800,10615568,over_10gb,1252252,ok
10,4300,1900,11068308,over_10gb,1296756,ok
10,4300,2000,11456080,over_10gb,1335764,ok
10,4400,0,3514580,ok,694836,ok
10,4400,100,3973700,ok,740752,ok
10,4400,200,4366412,ok,780744,ok
10,4400,300,4824884,ok,827072,ok
10,4400,400,5218208,ok,866892,ok
10,4400,500,5611628,ok,906340,ok
10,4400,600,6004184,ok,946060,ok
10,4400,700,6462920,ok,992408,ok
10,4400,800,6856632,ok,1032236,ok
10,4400,900,7250668,ok,1071800,ok
10,4400,1000,7644152,ok,1111456,ok
10,4400,1100,8102328,ok,1157852,ok
10,4400,1200,8495940,ok,1197876,ok
10,4400,1300,8888836,ok,1237812,ok
10,4400,1400,9282456,ok,1277792,ok
10,4400,1500,9740996,ok,1323260,ok
10,4400,1600,10134068,ok,1363104,ok
10,4400,1700,10527480,over_10gb,1402932,ok
10,4400,1800,10920244,over_10gb,1443000,ok
10,4400,1900,11379100,over_10gb,1488588,ok
10,4500,0,3514576,ok,702504,ok
10,4500,100,3973700,ok,749472,ok
10,4500,200,4366540,ok,790280,ok
10,4500,300,4824936,ok,837716,ok
10,4500,400,5218828,ok,878448,ok
10,4500,500,5624892,ok,918764,ok
10,4500,600,6030012,ok,959412,ok
10,4500,700,6504208,ok,1006648,ok
10,4500,800,6910476,ok,1047448,ok
10,4500,900,7317512,ok,1087968,ok
10,4500,1000,7723488,ok,1128404,ok
10,4500,1100,8197016,ok,1175988,ok
10,4500,1200,8603440,ok,1217076,ok
10,4500,1300,9009120,ok,1257952,ok
10,4500,1400,9415436,ok,1298732,ok
10,4500,1500,9889164,ok,1345276,ok
10,4500,1600,10295052,ok,1385820,ok
10,4500,1700,10701136,over_10gb,1426912,ok
10,4500,1800,11106904,over_10gb,1467776,ok
10,4500,1900,11580812,over_10gb,1514436,ok
10,4600,0,3535736,ok,709956,ok
10,4600,100,4020112,ok,758288,ok
10,4600,200,4434740,ok,799808,ok
10,4600,300,4918732,ok,848360,ok
10,4600,400,5333760,ok,889968,ok
10,4600,500,5749228,ok,931140,ok
10,4600,600,6163384,ok,972812,ok
10,4600,700,6648076,ok,1021320,ok
10,4600,800,7063184,ok,1062804,ok
10,4600,900,7478980,ok,1104224,ok
10,4600,1000,7894396,ok,1145604,ok
10,4600,1100,8378056,ok,1194188,ok
10,4600,1200,8793632,ok,1236168,ok
10,4600,1300,9208124,ok,1277904,ok
10,4600,1400,9623400,ok,1319604,ok
10,4600,1500,10107500,ok,1367040,ok
10,4600,1600,10522700,over_10gb,1408980,ok
10,4600,1700,10937528,over_10gb,1450708,ok
10,4600,1800,11352428,over_10gb,1492400,ok
10,4700,0,3611684,ok,717660,ok
10,4700,100,4106988,ok,766836,ok
10,4700,200,4530400,ok,809336,ok
10,4700,300,5025008,ok,858964,ok
10,4700,400,5449212,ok,901484,ok
10,4700,500,5873512,ok,943620,ok
10,4700,600,6296804,ok,986036,ok
10,4700,700,6791524,ok,1035772,ok
10,4700,800,7215820,ok,1078184,ok
10,4700,900,7640820,ok,1120452,ok
10,4700,1000,8065064,ok,1162744,ok
10,4700,1100,8559292,ok,1212484,ok
10,4700,1200,8983652,ok,1255268,ok
10,4700,1300,9407244,ok,1297884,ok
10,4700,1400,9831464,ok,1340536,ok
10,4700,1500,10326148,ok,1389188,ok
10,4700,1600,10750408,over_10gb,1431804,ok
10,4700,1700,11174496,over_10gb,1474368,ok
10,4700,1800,11598184,over_10gb,1517212,ok
10,4800,0,3687904,ok,725120,ok
10,4800,100,4193452,ok,775376,ok
10,4800,200,4626440,ok,818992,ok
10,4800,300,5131280,ok,869428,ok
10,4800,400,5564180,ok,912940,ok
10,4800,500,5997296,ok,955968,ok
10,4800,600,6429720,ok,999356,ok
10,4800,700,6935284,ok,1050080,ok
10,4800,800,7368516,ok,1093384,ok
10,4800,900,7802356,ok,1136668,ok
10,4800,1000,8235512,ok,1179960,ok
10,4800,1100,8740352,ok,1230676,ok
10,4800,1200,9173780,ok,1274316,ok
10,4800,1300,9606416,ok,1318012,ok
10,4800,1400,10039740,ok,1361436,ok
10,4800,1500,10544740,over_10gb,1411164,ok
10,4800,1600,10977996,over_10gb,1454796,ok
10,4800,1700,11411172,over_10gb,1498312,ok
10,4900,0,3764340,ok,732816,ok
10,4900,100,4280212,ok,784084,ok
10,4900,200,4721704,ok,828548,ok
10,4900,300,5237468,ok,880180,ok
10,4900,400,5679416,ok,924520,ok
10,4900,500,6121708,ok,968444,ok
10,4900,600,6563040,ok,1012660,ok
10,4900,700,7079052,ok,1064484,ok
10,4900,800,7521088,ok,1108672,ok
10,4900,900,7964020,ok,1152568,ok
10,4900,1000,8406180,ok,1197092,ok
10,4900,1100,8921528,ok,1248740,ok
10,4900,1200,9363848,ok,1293456,ok
10,4900,1300,9805712,ok,1338020,ok
10,4900,1400,10248096,ok,1382452,ok
10,4900,1500,10763568,over_10gb,1433136,ok
10,4900,1600,11205708,over_10gb,1477552,ok
10,4900,1700,11647480,over_10gb,1522104,ok
10,5000,0,3840192,ok,740236,ok
10,5000,100,4366868,ok,792776,ok
10,5000,200,4817544,ok,837964,ok
10,5000,300,5343412,ok,890796,ok
10,5000,400,5794556,ok,935964,ok
10,5000,500,6245604,ok,980900,ok
10,5000,600,6696084,ok,1026124,ok
10,5000,700,7222796,ok,1078988,ok
10,5000,800,7674044,ok,1123936,ok
10,5000,900,8125688,ok,1169068,ok
10,5000,1000,8576780,ok,1214224,ok
10,5000,1100,9102588,ok,1267052,ok
10,5000,1200,9554028,ok,1312556,ok
10,5000,1300,10004876,ok,1358024,ok
10,5000,1400,10455888,ok,1403364,ok
10,5000,1500,10981952,over_10gb,1455116,ok
10,5000,1600,11433012,over_10gb,1500572,ok
10,5000,1700,11884260,over_10gb,1545804,ok
20,1000,0,1558336,ok,169728,ok
20,1000,100,1770444,ok,180280,ok
20,1000,200,1953200,ok,189296,ok
20,1000,300,2166424,ok,200040,ok
20,1000,400,2349092,ok,209184,ok
20,1000,500,2531672,ok,218328,ok
20,1000,600,2714644,ok,227536,ok
20,1000,700,2927968,ok,238220,ok
20,1000,800,3110448,ok,247108,ok
20,1000,900,3293184,ok,256140,ok
20,1000,1000,3475852,ok,265368,ok
20,1000,1100,3688788,ok,277440,ok
20,1000,1200,3871432,ok,285772,ok
20,1000,1300,4054104,ok,294536,ok
20,1000,1400,4236820,ok,304540,ok
20,1000,1500,4449628,ok,314616,ok
20,1000,1600,4632188,ok,323492,ok
20,1000,1700,4814920,ok,333276,ok
20,1000,1800,4997364,ok,342100,ok
20,1000,1900,5210620,ok,352632,ok
20,1000,2000,5393044,ok,361624,ok
20,1000,2100,5575548,ok,370968,ok
20,1000,2200,5758072,ok,380068,ok
20,1000,2300,5971216,ok,390620,ok
20,1000,2400,6153868,ok,400056,ok
20,1000,2500,6336660,ok,409188,ok
20,1000,2600,6517916,ok,418196,ok
20,1000,2700,6729844,ok,429172,ok
20,1000,2800,6912592,ok,438168,ok
20,1000,2900,7095116,ok,447192,ok
20,1000,3000,7277676,ok,456564,ok
20,1000,3100,7490788,ok,467160,ok
20,1000,3200,7673628,ok,476192,ok
20,1000,3300,7856240,ok,485324,ok
20,1000,3400,8038880,ok,494728,ok
20,1000,3500,8251932,ok,505292,ok
20,1000,3600,8434528,ok,514408,ok
20,1000,3700,8617440,ok,523596,ok
20,1000,3800,8799968,ok,532812,ok
20,1000,3900,9013080,ok,543428,ok
20,1000,4000,9195768,ok,552824,ok
20,1100,0,1757760,ok,265832,ok
20,1100,100,1986124,ok,277456,ok
20,1100,200,2183084,ok,287380,ok
20,1100,300,2412396,ok,299304,ok
20,1100,400,2609056,ok,309272,ok
20,1100,500,2805868,ok,319172,ok
20,1100,600,3002548,ok,329336,ok
20,1100,700,3232096,ok,341080,ok
20,1100,800,3428792,ok,350964,ok
20,1100,900,3625116,ok,360952,ok
20,1100,1000,3821780,ok,371080,ok
20,1100,1100,4054980,ok,384220,ok
20,1100,1200,4255676,ok,393620,ok
20,1100,1300,4456344,ok,403052,ok
20,1100,1400,4657148,ok,413980,ok
20,1100,1500,4891392,ok,425300,ok
20,1100,1600,5092584,ok,434784,ok
20,1100,1700,5293232,ok,445664,ok
20,1100,1800,5493832,ok,455316,ok
20,1100,1900,5727952,ok,466664,ok
20,1100,2000,5929172,ok,476448,ok
20,1100,2100,6129580,ok,487116,ok
20,1100,2200,6330488,ok,496804,ok
20,1100,2300,6564816,ok,508140,ok
20,1100,2400,6765528,ok,518872,ok
20,1100,2500,6966408,ok,528680,ok
20,1100,2600,7166092,ok,538352,ok
20,1100,2700,7399504,ok,550660,ok
20,1100,2800,7600552,ok,560516,ok
20,1100,2900,7801384,ok,570232,ok
20,1100,3000,8001988,ok,580772,ok
20,1100,3100,8236452,ok,592212,ok
20,1100,3200,8437008,ok,601996,ok
20,1100,3300,8637952,ok,611928,ok
20,1100,3400,8838820,ok,622240,ok
20,1100,3500,9073088,ok,633716,ok
20,1100,3600,9273940,ok,643696,ok
20,1100,3700,9474908,ok,654140,ok
20,1100,3800,9675956,ok,664004,ok
20,1100,3900,9910312,ok,675588,ok
20,1100,4000,10110848,ok,685832,ok
20,1200,0,1865792,ok,273488,ok
20,1200,100,2120560,ok,286056,ok
20,1200,200,2339824,ok,297092,ok
20,1200,300,2595544,ok,310052,ok
20,1200,400,2814512,ok,320908,ok
20,1200,500,3033528,ok,331764,ok
20,1200,600,3252712,ok,342792,ok
20,1200,700,3508360,ok,355632,ok
20,1200,800,3727532,ok,366488,ok
20,1200,900,3946384,ok,377268,ok
20,1200,1000,4165464,ok,388512,ok
20,1200,1100,4421244,ok,402644,ok
20,1200,1200,4639992,ok,412912,ok
20,1200,1300,4858904,ok,423168,ok
20,1200,1400,5077944,ok,435088,ok
20,1200,1500,5333596,ok,447500,ok
20,1200,1600,5552620,ok,457904,ok
20,1200,1700,5771404,ok,469692,ok
20,1200,1800,5990540,ok,480328,ok
20,1200,1900,6245796,ok,492656,ok
20,1200,2000,6464852,ok,503372,ok
20,1200,2100,6683408,ok,514796,ok
20,1200,2200,6902780,ok,525528,ok
20,1200,2300,7158424,ok,538128,ok
20,1200,2400,7377604,ok,549700,ok
20,1200,2500,7596208,ok,560380,ok
20,1200,2600,7814472,ok,571012,ok
20,1200,2700,8069032,ok,584372,ok
20,1200,2800,8288552,ok,595124,ok
20,1200,2900,8507560,ok,605752,ok
20,1200,3000,8726564,ok,617224,ok
20,1200,3100,8981824,ok,629728,ok
20,1200,3200,9201020,ok,640444,ok
20,1200,3300,9419668,ok,651280,ok
20,1200,3400,9638988,ok,662588,ok
20,1200,3500,9894212,ok,675236,ok
20,1200,3600,10113572,ok,686028,ok
20,1200,3700,10332652,ok,697320,ok
20,1200,3800,10551984,over_10gb,708116,ok
20,1200,3900,10807464,over_10gb,720680,ok
20,1200,4000,11026396,over_10gb,732052,ok
20,1300,0,2019776,ok,281140,ok
20,1300,100,2295824,ok,294908,ok
20,1300,200,2533228,ok,306812,ok
20,1300,300,2809908,ok,320768,ok
20,1300,400,3047268,ok,332540,ok
20,1300,500,3284508,ok,344236,ok
20,1300,600,3521708,ok,356228,ok
20,1300,700,3798572,ok,370172,ok
20,1300,800,4036032,ok,381952,ok
20,1300,900,4273272,ok,393852,ok
20,1300,1000,4510292,ok,405816,ok
20,1300,1100,4787068,ok,421004,ok
20,1300,1200,5024244,ok,432196,ok
20,1300,1300,5261708,ok,443484,ok
20,1300,1400,5498532,ok,456232,ok
20,1300,1500,5775320,ok,469700,ok
20,1300,1600,6012780,ok,481152,ok
20,1300,1700,6249552,ok,493828,ok
20,1300,1800,6486960,ok,505160,ok
20,1300,1900,6763700,ok,518800,ok
20,1300,2000,7000788,ok,530312,ok
20,1300,2100,7237992,ok,542800,ok
20,1300,2200,7475108,ok,554408,ok
20,1300,2300,7752088,ok,567988,ok
20,1300,2400,7989188,ok,580424,ok
20,1300,2500,8226536,ok,592080,ok
20,1300,2600,8462764,ok,603524,ok
20,1300,2700,8738620,ok,617980,ok
20,1300,2800,8976164,ok,629720,ok
20,1300,2900,9213364,ok,641216,ok
20,1300,3000,9450792,ok,653572,ok
20,1300,3100,9727404,ok,667124,ok
20,1300,3200,9964536,ok,678932,ok
20,1300,3300,10201852,ok,690508,ok
20,1300,3400,10438808,ok,702832,ok
20,1300,3500,10715776,over_10gb,716576,ok
20,1300,3600,10953000,over_10gb,728284,ok
20,1300,3700,11190308,over_10gb,740512,ok
20,1400,0,2173628,ok,288796,ok
20,1400,100,2471056,ok,303528,ok
20,1400,200,2726636,ok,316324,ok
20,1400,300,3024704,ok,331488,ok
20,1400,400,3279976,ok,344176,ok
20,1400,500,3535520,ok,356872,ok
20,1400,600,3790744,ok,369640,ok
20,1400,700,4089056,ok,384680,ok
20,1400,800,4344508,ok,397416,ok
20,1400,900,4599668,ok,410236,ok
20,1400,1000,4855256,ok,423116,ok
20,1400,1100,5153144,ok,439372,ok
20,1400,1200,5408372,ok,451488,ok
20,1400,1300,5664016,ok,463696,ok
20,1400,1400,5919260,ok,477352,ok
20,1400,1500,6217308,ok,491896,ok
20,1400,1600,6472552,ok,504268,ok
20,1400,1700,6728080,ok,517860,ok
20,1400,1800,6983468,ok,530240,ok
20,1400,1900,7281280,ok,544836,ok
20,1400,2000,7536848,ok,557144,ok
20,1400,2100,7791904,ok,570612,ok
20,1400,2200,8047520,ok,583208,ok
20,1400,2300,8345500,ok,597848,ok
20,1400,2400,8600644,ok,611192,ok
20,1400,2500,8856068,ok,623772,ok
20,1400,2600,9111060,ok,636244,ok
20,1400,2700,9408504,ok,651736,ok
20,1400,2800,9663912,ok,664296,ok
20,1400,2900,9919524,ok,676816,ok
20,1400,3000,10174888,ok,690100,ok
20,1400,3100,10472652,ok,704748,ok
20,1400,3200,10728312,over_10gb,717360,ok
20,1400,3300,10983544,over_10gb,729856,ok
20,1400,3400,11239080,over_10gb,743128,ok
20,1500,0,2327484,ok,296408,ok
20,1500,100,2646164,ok,312364,ok
20,1500,200,2919736,ok,326104,ok
20,1500,300,3239232,ok,342204,ok
20,1500,400,3512644,ok,355816,ok
20,1500,500,3786396,ok,369428,ok
20,1500,600,4060004,ok,383232,ok
20,1500,700,4379360,ok,399264,ok
20,1500,800,4652988,ok,412876,ok
20,1500,900,4926580,ok,426616,ok
20,1500,1000,5200088,ok,440348,ok
20,1500,1100,5519136,ok,457728,ok
20,1500,1200,5792528,ok,470644,ok
20,1500,1300,6066444,ok,483892,ok
20,1500,1400,6339872,ok,498472,ok
20,1500,1500,6659164,ok,514092,ok
20,1500,1600,6932640,ok,527380,ok
20,1500,1700,7206284,ok,541888,ok
20,1500,1800,7479984,ok,555184,ok
20,1500,1900,7798796,ok,570860,ok
20,1500,2000,8072660,ok,584092,ok
20,1500,2100,8346092,ok,598388,ok
20,1500,2200,8619812,ok,611992,ok
20,1500,2300,8938944,ok,627696,ok
20,1500,2400,9212740,ok,641956,ok
20,1500,2500,9486124,ok,655452,ok
20,1500,2600,9759176,ok,668844,ok
20,1500,2700,10078120,ok,685412,ok
20,1500,2800,10352040,ok,698920,ok
20,1500,2900,10625448,over_10gb,712316,ok
20,1500,3000,10899240,over_10gb,726532,ok
20,1500,3100,11218300,over_10gb,742252,ok
20,1600,0,2481084,ok,304108,ok
20,1600,100,2821524,ok,320964,ok
20,1600,200,3113196,ok,335748,ok
20,1600,300,3453756,ok,352924,ok
20,1600,400,3745636,ok,367448,ok
20,1600,500,4037280,ok,381980,ok
20,1600,600,4329080,ok,396700,ok
20,1600,700,4669408,ok,413816,ok
20,1600,800,4961340,ok,428348,ok
20,1600,900,5253240,ok,443004,ok
20,1600,1000,5544620,ok,457720,ok
20,1600,1100,5885304,ok,476116,ok
20,1600,1200,6176828,ok,490064,ok
20,1600,1300,6468668,ok,504068,ok
20,1600,1400,6760604,ok,519604,ok
20,1600,1500,7100864,ok,536292,ok
20,1600,1600,7392876,ok,550504,ok
20,1600,1700,7684496,ok,565836,ok
20,1600,1800,7976364,ok,580144,ok
20,1600,1900,8316724,ok,596904,ok
20,1600,2000,8608316,ok,611164,ok
20,1600,2100,8900332,ok,626388,ok
20,1600,2200,9191900,ok,640780,ok
20,1600,2300,9532700,ok,657444,ok
20,1600,2400,9824452,ok,672744,ok
20,1600,2500,10116328,ok,687152,ok
20,1600,2600,10407476,ok,701468,ok
20,1600,2700,10747668,over_10gb,719100,ok
20,1600,2800,11039768,over_10gb,733528,ok
20,1600,2900,11331560,over_10gb,747848,ok
20,1700,0,2634688,ok,311764,ok
20,1700,100,2996628,ok,329692,ok
20,1700,200,3306608,ok,345136,ok
20,1700,300,3668280,ok,363640,ok
20,1700,400,3978064,ok,379088,ok
20,1700,500,4288160,ok,394536,ok
20,1700,600,4597968,ok,410172,ok
20,1700,700,4959840,ok,428360,ok
20,1700,800,5269824,ok,443808,ok
20,1700,900,5579568,ok,459260,ok
20,1700,1000,5889752,ok,475024,ok
20,1700,1100,6251388,ok,494344,ok
20,1700,1200,6561396,ok,509348,ok
20,1700,1300,6871236,ok,524332,ok
20,1700,1400,7181124,ok,540724,ok
20,1700,1500,7542872,ok,558492,ok
20,1700,1600,7852904,ok,573628,ok
20,1700,1700,8162704,ok,589960,ok
20,1700,1800,8472876,ok,605104,ok
20,1700,1900,8834484,ok,622920,ok
20,1700,2000,9144352,ok,638092,ok
20,1700,2100,9454312,ok,654260,ok
20,1700,2200,9764388,ok,669564,ok
20,1700,2300,10126108,ok,687396,ok
20,1700,2400,10435908,ok,703516,ok
20,1700,2500,10746088,over_10gb,718856,ok
20,1700,2600,11055880,over_10gb,734080,ok
20,1700,2700,11417416,over_10gb,752784,ok
20,1800,0,2798016,ok,319344,ok
20,1800,100,3181840,ok,338540,ok
20,1800,200,3510764,ok,355040,ok
20,1800,300,3893436,ok,374204,ok
20,1800,400,4221284,ok,390720,ok
20,1800,500,4549284,ok,407096,ok
20,1800,600,4877556,ok,423652,ok
20,1800,700,5260512,ok,442908,ok
20,1800,800,5588416,ok,459272,ok
20,1800,900,5916280,ok,475772,ok
20,1800,1000,6242136,ok,492328,ok
20,1800,1100,6625272,ok,512832,ok
20,1800,1200,6953592,ok,528636,ok
20,1800,1300,7281528,ok,544540,ok
20,1800,1400,7610016,ok,561844,ok
20,1800,1500,7993052,ok,580684,ok
20,1800,1600,8321004,ok,596744,ok
20,1800,1700,8649356,ok,613988,ok
20,1800,1800,8977712,ok,630052,ok
20,1800,1900,9360536,ok,648952,ok
20,1800,2000,9688788,ok,665056,ok
20,1800,2100,10016816,ok,682040,ok
20,1800,2200,10345252,ok,698328,ok
20,1800,2300,10728092,over_10gb,717268,ok
20,1800,2400,11056452,over_10gb,734180,ok
20,1800,2500,11384808,over_10gb,750540,ok
20,1900,0,2952000,ok,327068,ok
20,1900,100,3357076,ok,347144,ok
20,1900,200,3703908,ok,364560,ok
20,1900,300,4107968,ok,385072,ok
20,1900,400,4453988,ok,402364,ok
20,1900,500,4800288,ok,419624,ok
20,1900,600,5146616,ok,437124,ok
20,1900,700,5550816,ok,457452,ok
20,1900,800,5896724,ok,474740,ok
20,1900,900,6242936,ok,492156,ok
20,1900,1000,6587096,ok,509624,ok
20,1900,1100,6991352,ok,531196,ok
20,1900,1200,7337412,ok,547932,ok
20,1900,1300,7684112,ok,564608,ok
20,1900,1400,8030624,ok,582972,ok
20,1900,1500,8434780,ok,602888,ok
20,1900,1600,8781036,ok,619864,ok
20,1900,1700,9127696,ok,638024,ok
20,1900,1800,9474092,ok,655012,ok
20,1900,1900,9878324,ok,674972,ok
20,1900,2000,10224724,ok,691876,ok
20,1900,2100,10571112,over_10gb,709852,ok
20,1900,2200,10917412,over_10gb,727072,ok
20,1900,2300,11321288,over_10gb,746960,ok
20,2000,0,3105852,ok,335008,ok
20,2000,100,3532052,ok,356208,ok
20,2000,200,3896696,ok,374336,ok
20,2000,300,4322236,ok,395796,ok
20,2000,400,4686436,ok,414000,ok
20,2000,500,5050912,ok,432200,ok
20,2000,600,5415452,ok,450460,ok
20,2000,700,5840608,ok,472000,ok
20,2000,800,6205120,ok,490156,ok
20,2000,900,6569448,ok,508536,ok
20,2000,1000,6931668,ok,526808,ok
20,2000,1100,7357308,ok,550400,ok
20,2000,1200,7722104,ok,567220,ok
20,2000,1300,8086416,ok,584964,ok
20,2000,1400,8450892,ok,604204,ok
20,2000,1500,8876392,ok,625032,ok
20,2000,1600,9240984,ok,642984,ok
20,2000,1700,9606032,ok,662064,ok
20,2000,1800,9970476,ok,679968,ok
20,2000,1900,10395584,ok,701020,ok
20,2000,2000,10760400,over_10gb,718860,ok
20,2000,2100,11124864,over_10gb,737848,ok
20,2000,2200,11489696,over_10gb,755804,ok
20,2100,0,3259452,ok,351624,ok
20,2100,100,3707028,ok,373788,ok
20,2100,200,4090224,ok,393072,ok
20,2100,300,4536636,ok,415600,ok
20,2100,400,4918888,ok,434308,ok
20,2100,500,5301792,ok,453376,ok
20,2100,600,5684344,ok,472880,ok
20,2100,700,6131040,ok,495024,ok
20,2100,800,6513472,ok,514072,ok
20,2100,900,6895760,ok,533120,ok
20,2100,1000,7276628,ok,552432,ok
20,2100,1100,7723384,ok,577456,ok
20,2100,1200,8106484,ok,595208,ok
20,2100,1300,8488996,ok,613396,ok
20,2100,1400,8871964,ok,634140,ok
20,2100,1500,9318452,ok,655692,ok
20,2100,1600,9701164,ok,674092,ok
20,2100,1700,10084112,ok,694840,ok
20,2100,1800,10466828,ok,712988,ok
20,2100,1900,10913332,over_10gb,734776,ok
20,2100,2000,11296208,over_10gb,753024,ok
20,2100,2100,11678952,over_10gb,773504,ok
20,2200,0,3511744,ok,527984,ok
20,2200,100,3971476,ok,551200,ok
20,2200,200,4365040,ok,571296,ok
20,2200,300,4823716,ok,594768,ok
20,2200,400,5216520,ok,614732,ok
20,2200,500,5609696,ok,634580,ok
20,2200,600,6003060,ok,654932,ok
20,2200,700,6461664,ok,678272,ok
20,2200,800,6854844,ok,698240,ok
20,2200,900,7247768,ok,718212,ok
20,2200,1000,7639128,ok,738344,ok
20,2200,1100,8098124,ok,764524,ok
20,2200,1200,8491512,ok,783196,ok
20,2200,1300,8891264,ok,802052,ok
20,2200,1400,9292580,ok,823992,ok
20,2200,1500,9760600,ok,846596,ok
20,2200,1600,10161252,ok,865728,ok
20,2200,1700,10562176,over_10gb,887316,ok
20,2200,1800,10963068,over_10gb,906520,ok
20,2200,1900,11431012,over_10gb,929196,ok
20,2300,0,3567260,ok,535636,ok
20,2300,100,4056832,ok,560052,ok
20,2300,200,4476412,ok,580852,ok
20,2300,300,4965284,ok,605552,ok
20,2300,400,5384316,ok,626360,ok
20,2300,500,5803128,ok,647260,ok
20,2300,600,6222408,ok,668324,ok
20,2300,700,6711068,ok,692816,ok
20,2300,800,7129940,ok,713708,ok
20,2300,900,7549272,ok,734596,ok
20,2300,1000,7966564,ok,755740,ok
20,2300,1100,8455524,ok,782880,ok
20,2300,1200,8874784,ok,802488,ok
20,2300,1300,9293988,ok,822132,ok
20,2300,1400,9712936,ok,844956,ok
20,2300,1500,10202328,ok,868792,ok
20,2300,1600,10621016,over_10gb,888900,ok
20,2300,1700,11040424,over_10gb,911352,ok
20,2300,1800,11459748,over_10gb,931460,ok
20,2400,0,3721116,ok,543168,ok
20,2400,100,4232012,ok,568728,ok
20,2400,200,4669292,ok,590584,ok
20,2400,300,5179664,ok,616328,ok
20,2400,400,5616640,ok,637960,ok
20,2400,500,6054008,ok,659816,ok
20,2400,600,6491340,ok,681828,ok
20,2400,700,7001472,ok,707364,ok
20,2400,800,7438544,ok,729140,ok
20,2400,900,7875600,ok,750880,ok
20,2400,1000,8311468,ok,772740,ok
20,2400,1100,8821868,ok,801252,ok
20,2400,1200,9259060,ok,821772,ok
20,2400,1300,9696548,ok,842468,ok
20,2400,1400,10133584,ok,866236,ok
20,2400,1500,10643972,over_10gb,890948,ok
20,2400,1600,11081236,over_10gb,911892,ok
20,2400,1700,11518812,over_10gb,935384,ok
20,2500,0,3874844,ok,550948,ok
20,2500,100,4406856,ok,577508,ok
20,2500,200,4862520,ok,600236,ok
20,2500,300,5394164,ok,627048,ok
20,2500,400,5849340,ok,649644,ok
20,2500,500,6304764,ok,672368,ok
20,2500,600,6760100,ok,695296,ok
20,2500,700,7291648,ok,721908,ok
20,2500,800,7747024,ok,744512,ok
20,2500,900,8202332,ok,767360,ok
20,2500,1000,8656188,ok,790344,ok
20,2500,1100,9187948,ok,819616,ok
20,2500,1200,9643556,ok,840936,ok
20,2500,1300,10098788,ok,862676,ok
20,2500,1400,10554532,over_10gb,887360,ok
20,2500,1500,11086036,over_10gb,913184,ok
20,2500,1600,11541348,over_10gb,935136,ok
20,2600,0,4028832,ok,558604,ok
20,2600,100,4581964,ok,586232,ok
20,2600,200,5055992,ok,609824,ok
20,2600,300,5608436,ok,637668,ok
20,2600,400,6081920,ok,661280,ok
20,2600,500,6555180,ok,684924,ok
20,2600,600,7029192,ok,708828,ok
20,2600,700,7581956,ok,736452,ok
20,2600,800,8055296,ok,760100,ok
20,2600,900,8528988,ok,783748,ok
20,2600,1000,9001520,ok,807648,ok
20,2600,1100,9553992,ok,837980,ok
20,2600,1200,10027508,ok,860348,ok
20,2600,1300,10501248,over_10gb,882868,ok
20,2600,1400,10975272,over_10gb,908484,ok
20,2600,1500,11527876,over_10gb,935384,ok
20,2700,0,4196244,ok,566256,ok
20,2700,100,4770636,ok,594960,ok
20,2700,200,5262328,ok,619524,ok
20,2700,300,5836404,ok,648480,ok
20,2700,400,6328064,ok,672916,ok
20,2700,500,6819616,ok,697484,ok
20,2700,600,7311948,ok,722296,ok
20,2700,700,7885444,ok,751000,ok
20,2700,800,8377120,ok,775564,ok
20,2700,900,8869208,ok,800132,ok
20,2700,1000,9359920,ok,824944,ok
20,2700,1100,9933548,ok,856228,ok
20,2700,1200,10425512,ok,879592,ok
20,2700,1300,10917072,over_10gb,903088,ok
20,2700,1400,11408680,over_10gb,929608,ok
20,2700,1500,11982296,over_10gb,957584,ok
20,2800,0,4336080,ok,573916,ok
20,2800,100,4931612,ok,603684,ok
20,2800,200,5442172,ok,629172,ok
20,2800,300,6036964,ok,659196,ok
20,2800,400,6546916,ok,684552,ok
20,2800,500,7057016,ok,710036,ok
20,2800,600,7567052,ok,735648,ok
20,2800,700,8162180,ok,765504,ok
20,2800,800,8672080,ok,791028,ok
20,2800,900,9181912,ok,816512,ok
20,2800,1000,9691032,ok,842252,ok
20,2800,1100,10286312,ok,874728,ok
20,2800,1200,10796216,over_10gb,898928,ok
20,2800,1300,11306532,over_10gb,923300,ok
20,2800,1400,11816484,over_10gb,950732,ok
20,2900,0,4490016,ok,581568,ok
20,2900,100,5106764,ok,612412,ok
20,2900,200,5635324,ok,638736,ok
20,2900,300,6251376,ok,669912,ok
20,2900,400,6779400,ok,696188,ok
20,2900,500,7307640,ok,722592,ok
20,2900,600,7835976,ok,749244,ok
20,2900,700,8452164,ok,779996,ok
20,2900,800,8980560,ok,806496,ok
20,2900,900,9508568,ok,832892,ok
20,2900,1000,10035916,ok,859552,ok
20,2900,1100,10652348,over_10gb,893032,ok
20,2900,1200,11180556,over_10gb,917992,ok
20,2900,1300,11708708,over_10gb,943392,ok
20,3000,0,4644128,ok,589224,ok
20,3000,100,5281864,ok,621144,ok
20,3000,200,5828120,ok,648460,ok
20,3000,300,6465612,ok,680628,ok
20,3000,400,7012352,ok,707824,ok
20,3000,500,7558524,ok,735168,ok
20,3000,600,8104852,ok,762724,ok
20,3000,700,8742400,ok,794636,ok
20,3000,800,9288600,ok,821960,ok
20,3000,900,9835048,ok,849276,ok
20,3000,1000,10381104,ok,876856,ok
20,3000,1100,11018232,over_10gb,911444,ok
20,3000,1200,11564584,over_10gb,937504,ok
20,3000,1300,12111264,over_10gb,963712,ok
20,3100,0,4797856,ok,596764,ok
20,3100,100,5456844,ok,629744,ok
20,3100,200,6021368,ok,658112,ok
20,3100,300,6680024,ok,691224,ok
20,3100,400,7244672,ok,719376,ok
20,3100,500,7809048,ok,747700,ok
20,3100,600,8373704,ok,776196,ok
20,3100,700,9032580,ok,809180,ok
20,3100,800,9597136,ok,837424,ok
20,3100,900,10161756,ok,865660,ok
20,3100,1000,10725680,over_10gb,894152,ok
20,3100,1100,11384372,over_10gb,929824,ok
20,3100,1200,11949096,over_10gb,956792,ok
20,3200,0,4951712,ok,604532,ok
20,3200,100,5631692,ok,638484,ok
20,3200,200,6214652,ok,667656,ok
20,3200,300,6894416,ok,702072,ok
20,3200,400,7477096,ok,731096,ok
20,3200,500,8060028,ok,760180,ok
20,3200,600,8642892,ok,789668,ok
20,3200,700,9322780,ok,823652,ok
20,3200,800,9905612,ok,852888,ok
20,3200,900,10488284,over_10gb,882000,ok
20,3200,1000,11070632,over_10gb,911460,ok
20,3200,1100,11750816,over_10gb,948184,ok
20,3300,0,5105568,ok,612192,ok
20,3300,100,5806536,ok,647324,ok
20,3300,200,6407704,ok,677400,ok
20,3300,300,7108788,ok,712784,ok
20,3300,400,7709952,ok,742712,ok
20,3300,500,8310904,ok,772812,ok
20,3300,600,8911816,ok,803108,ok
20,3300,700,9613060,ok,838272,ok
20,3300,800,10213968,ok,868352,ok
20,3300,900,10814716,over_10gb,898432,ok
20,3300,1000,11415600,over_10gb,928732,ok
20,3300,1100,12116844,over_10gb,966548,ok
20,3400,0,5259552,ok,619848,ok
20,3400,100,5981768,ok,656048,ok
20,3400,200,6600696,ok,687048,ok
20,3400,300,7322968,ok,723504,ok
20,3400,400,7942400,ok,754368,ok
20,3400,500,8561392,ok,785372,ok
20,3400,600,9180744,ok,816564,ok
20,3400,700,9903104,ok,852692,ok
20,3400,800,10521936,over_10gb,883816,ok
20,3400,900,11141592,over_10gb,914816,ok
20,3400,1000,11760316,over_10gb,946064,ok
20,3500,0,5433120,ok,627456,ok
20,3500,100,6177432,ok,664652,ok
20,3500,200,6811640,ok,696628,ok
20,3500,300,7556720,ok,734220,ok
20,3500,400,8194560,ok,766004,ok
20,3500,500,8832856,ok,797928,ok
20,3500,600,9468460,ok,829836,ok
20,3500,700,10211356,ok,867364,ok
20,3500,800,10849484,over_10gb,899264,ok
20,3500,900,11488856,over_10gb,931200,ok
20,3500,1000,12127280,over_10gb,963364,ok
20,3600,0,5586720,ok,635160,ok
20,3600,100,6352716,ok,673504,ok
20,3600,200,7004924,ok,706336,ok
20,3600,300,7770992,ok,744892,ok
20,3600,400,8426744,ok,777644,ok
20,3600,500,9083512,ok,810480,ok
20,3600,600,9737548,ok,843568,ok
20,3600,700,10502016,over_10gb,881912,ok
20,3600,800,11157812,over_10gb,914664,ok
20,3600,900,11815512,over_10gb,947492,ok
20,3700,0,5740572,ok,642808,ok
20,3700,100,6527692,ok,682232,ok
20,3700,200,7198124,ok,715856,ok
20,3700,300,7985396,ok,755604,ok
20,3700,400,8659708,ok,789156,ok
20,3700,500,9334268,ok,823036,ok
20,3700,600,10006600,ok,857040,ok
20,3700,700,10792028,over_10gb,896328,ok
20,3700,800,11466316,over_10gb,930216,ok
20,3700,900,12142020,over_10gb,963968,ok
20,3800,0,5894428,ok,650468,ok
20,3800,100,6702412,ok,690840,ok
20,3800,200,7391356,ok,725632,ok
20,3800,300,8199920,ok,766372,ok
20,3800,400,8892156,ok,800920,ok
20,3800,500,9585148,ok,835588,ok
20,3800,600,10275532,ok,870420,ok
20,3800,700,11082500,over_10gb,911004,ok
20,3800,800,11774924,over_10gb,945592,ok
20,3800,900,12468572,over_10gb,980296,ok
20,3900,0,6048156,ok,658120,ok
20,3900,100,6877516,ok,699560,ok
20,3900,200,7584764,ok,735192,ok
20,3900,300,8414448,ok,777072,ok
20,3900,400,9124864,ok,812424,ok
20,3900,500,9835772,ok,848032,ok
20,3900,600,10544424,over_10gb,883988,ok
20,3900,700,11372800,over_10gb,925552,ok
20,3900,800,12083016,over_10gb,961144,ok
20,4000,0,6202016,ok,665828,ok
20,4000,100,7052620,ok,708412,ok
20,4000,200,7777784,ok,744928,ok
20,4000,300,8628724,ok,787704,ok
20,4000,400,9357232,ok,824188,ok
20,4000,500,10086652,ok,860580,ok
20,4000,600,10813428,over_10gb,897460,ok
20,4000,700,11662688,over_10gb,940096,ok
20,4000,800,12391628,over_10gb,976608,ok
20,4100,0,6355624,ok,682424,ok
20,4100,100,7227720,ok,726000,ok
20,4100,200,7971192,ok,763032,ok
20,4100,300,8842992,ok,806796,ok
20,4100,400,9590140,ok,843968,ok
20,4100,500,10337152,ok,881116,ok
20,4100,600,11082696,over_10gb,918712,ok
20,4100,700,11953024,over_10gb,962256,ok
20,4100,800,12699860,over_10gb,999404,ok
20,4200,0,6509600,ok,699060,ok
20,4200,100,7402312,ok,743376,ok
20,4200,200,8164476,ok,781508,ok
20,4200,300,9057612,ok,826404,ok
20,4200,400,9822848,ok,864464,ok
20,4200,500,10588280,over_10gb,902456,ok
20,4200,600,11351384,over_10gb,941132,ok
20,4200,700,12243460,over_10gb,985628,ok
20,4300,0,6663328,ok,715420,ok
20,4300,100,7577548,ok,761004,ok
20,4300,200,8357880,ok,799816,ok
20,4300,300,9272052,ok,846080,ok
20,4300,400,10055296,ok,884936,ok
20,4300,500,10838908,over_10gb,924060,ok
20,4300,600,11620556,over_10gb,963564,ok
20,4300,700,12533764,over_10gb,1009008,ok
20,4400,0,7020960,ok,1052292,ok
20,4400,100,7939276,ok,1098932,ok
20,4400,200,8723196,ok,1138844,ok
20,4400,300,9641584,ok,1185884,ok
20,4400,400,10428416,ok,1225608,ok
20,4400,500,11215608,over_10gb,1265608,ok
20,4400,600,12000800,over_10gb,1306000,ok
20,4400,700,12918020,over_10gb,1352640,ok
20,4500,0,7020960,ok,1059940,ok
20,4500,100,7939276,ok,1107664,ok
20,4500,200,8744280,ok,1148492,ok
20,4500,300,9700932,ok,1196596,ok
20,4500,400,10520652,over_10gb,1237396,ok
20,4500,500,11340480,over_10gb,1278260,ok
20,4500,600,12158796,over_10gb,1319600,ok
20,4600,0,7124676,ok,1067600,ok
20,4600,100,8102456,ok,1116336,ok
20,4600,200,8937560,ok,1157952,ok
20,4600,300,9915328,ok,1207320,ok
20,4600,400,10752804,over_10gb,1249064,ok
20,4600,500,11591368,over_10gb,1290684,ok
20,4600,600,12427352,over_10gb,1333076,ok
20,4700,0,7278532,ok,1075256,ok
20,4700,100,8277196,ok,1125120,ok
20,4700,200,9130820,ok,1167648,ok
20,4700,300,10129664,ok,1218032,ok
20,4700,400,10985808,over_10gb,1260612,ok
20,4700,500,11841988,over_10gb,1303304,ok
20,4700,600,12696648,over_10gb,1346548,ok
20,4800,0,7432392,ok,1082908,ok
20,4800,100,8452396,ok,1133844,ok
20,4800,200,9324012,ok,1177432,ok
20,4800,300,10344148,ok,1228756,ok
20,4800,400,11218204,over_10gb,1272256,ok
20,4800,500,12092872,over_10gb,1315804,ok
20,4800,600,12965708,over_10gb,1360020,ok
20,4900,0,7586120,ok,1090564,ok
20,4900,100,8627380,ok,1142560,ok
20,4900,200,9517396,ok,1187080,ok
20,4900,300,10558924,over_10gb,1239588,ok
20,4900,400,11451088,over_10gb,1283952,ok
20,4900,500,12343604,over_10gb,1328476,ok
20,5000,0,7739656,ok,1098156,ok
20,5000,100,8802124,ok,1151300,ok
20,5000,200,9710680,ok,1196720,ok
20,5000,300,10773136,over_10gb,1250316,ok
20,5000,400,11683408,over_10gb,1295496,ok
20,5000,500,12594236,over_10gb,1341000,ok
30,1000,0,2335952,ok,253784,ok
30,1000,100,2657392,ok,264544,ok
30,1000,200,2932508,ok,273756,ok
30,1000,300,3253920,ok,284468,ok
30,1000,400,3529820,ok,293644,ok
30,1000,500,3805176,ok,302860,ok
30,1000,600,4080620,ok,312020,ok
30,1000,700,4401884,ok,322748,ok
30,1000,800,4677328,ok,331964,ok
30,1000,900,4952680,ok,341120,ok
30,1000,1000,5227724,ok,350444,ok
30,1000,1100,5549312,ok,362036,ok
30,1000,1200,5824604,ok,370768,ok
30,1000,1300,6100172,ok,379576,ok
30,1000,1400,6375500,ok,389484,ok
30,1000,1500,6696388,ok,399876,ok
30,1000,1600,6971612,ok,408824,ok
30,1000,1700,7246800,ok,418380,ok
30,1000,1800,7522520,ok,427396,ok
30,1000,1900,7843888,ok,437852,ok
30,1000,2000,8119252,ok,446824,ok
30,1000,2100,8394868,ok,456512,ok
30,1000,2200,8670360,ok,465492,ok
30,1000,2300,8991408,ok,475948,ok
30,1000,2400,9266648,ok,485440,ok
30,1000,2500,9542572,ok,494612,ok
30,1000,2600,9817616,ok,503604,ok
30,1000,2700,10139228,ok,514708,ok
30,1000,2800,10414404,ok,523852,ok
30,1000,2900,10690144,over_10gb,532884,ok
30,1000,3000,10965592,over_10gb,542376,ok
30,1000,3100,11286460,over_10gb,552964,ok
30,1100,0,2566076,ok,261440,ok
30,1100,100,2919560,ok,273272,ok
30,1100,200,3222028,ok,283404,ok
30,1100,300,3575264,ok,295276,ok
30,1100,400,3877852,ok,305284,ok
30,1100,500,4180476,ok,315420,ok
30,1100,600,4483436,ok,325468,ok
30,1100,700,4836696,ok,337300,ok
30,1100,800,5139280,ok,347436,ok
30,1100,900,5441728,ok,357568,ok
30,1100,1000,5744432,ok,367748,ok
30,1100,1100,6097796,ok,380224,ok
30,1100,1200,6400476,ok,390032,ok
30,1100,1300,6703440,ok,399768,ok
30,1100,1400,7005976,ok,410480,ok
30,1100,1500,7358792,ok,421960,ok
30,1100,1600,7661552,ok,431936,ok
30,1100,1700,7964504,ok,442468,ok
30,1100,1800,8267224,ok,452344,ok
30,1100,1900,8620616,ok,463972,ok
30,1100,2000,8923092,ok,473888,ok
30,1100,2100,9225588,ok,484356,ok
30,1100,2200,9528724,ok,494276,ok
30,1100,2300,9881660,ok,505924,ok
30,1100,2400,10184148,ok,516376,ok
30,1100,2500,10487208,over_10gb,526304,ok
30,1100,2600,10790008,over_10gb,536240,ok
30,1100,2700,11143156,over_10gb,548512,ok
30,1200,0,2806992,ok,269096,ok
30,1200,100,3191460,ok,281996,ok
30,1200,200,3521548,ok,293052,ok
30,1200,300,3906400,ok,305992,ok
30,1200,400,4233948,ok,316920,ok
30,1200,500,4563704,ok,327976,ok
30,1200,600,4893936,ok,339072,ok
30,1200,700,5279192,ok,351848,ok
30,1200,800,5608960,ok,362900,ok
30,1200,900,5938680,ok,373952,ok
30,1200,1000,6268580,ok,385044,ok
30,1200,1100,6654848,ok,398776,ok
30,1200,1200,6985048,ok,409348,ok
30,1200,1300,7315024,ok,419996,ok
30,1200,1400,7644952,ok,431740,ok
30,1200,1500,8030276,ok,444176,ok
30,1200,1600,8359836,ok,455068,ok
30,1200,1700,8690004,ok,466512,ok
30,1200,1800,9019736,ok,477180,ok
30,1200,1900,9404232,ok,490012,ok
30,1200,2000,9734480,ok,500836,ok
30,1200,2100,10064244,ok,512240,ok
30,1200,2200,10394260,ok,523064,ok
30,1200,2300,10778816,over_10gb,535784,ok
30,1200,2400,11108948,over_10gb,547156,ok
30,1200,2500,11438764,over_10gb,558004,ok
30,1300,0,3036844,ok,276752,ok
30,1300,100,3453320,ok,290724,ok
30,1300,200,3810700,ok,302696,ok
30,1300,300,4227408,ok,316716,ok
30,1300,400,4582488,ok,328556,ok
30,1300,500,4939640,ok,340464,ok
30,1300,600,5297132,ok,352544,ok
30,1300,700,5714096,ok,366392,ok
30,1300,800,6071372,ok,378360,ok
30,1300,900,6428388,ok,390124,ok
30,1300,1000,6785540,ok,402228,ok
30,1300,1100,7203076,ok,417132,ok
30,1300,1200,7560444,ok,428596,ok
30,1300,1300,7917980,ok,440008,ok
30,1300,1400,8275348,ok,452680,ok
30,1300,1500,8692296,ok,466468,ok
30,1300,1600,9049308,ok,478184,ok
30,1300,1700,9406804,ok,490544,ok
30,1300,1800,9763544,ok,502264,ok
30,1300,1900,10180424,ok,516032,ok
30,1300,2000,10537356,over_10gb,527788,ok
30,1300,2100,10894468,over_10gb,540040,ok
30,1300,2200,11251852,over_10gb,551852,ok
30,1400,0,3266900,ok,290080,ok
30,1400,100,3715084,ok,305012,ok
30,1400,200,4099724,ok,317724,ok
30,1400,300,4548324,ok,332808,ok
30,1400,400,4930752,ok,345524,ok
30,1400,500,5315576,ok,358368,ok
30,1400,600,5700200,ok,371268,ok
30,1400,700,6148912,ok,386168,ok
30,1400,800,6533328,ok,398880,ok
30,1400,900,6917604,ok,411724,ok
30,1400,1000,7302032,ok,424528,ok
30,1400,1100,7751320,ok,441480,ok
30,1400,1200,8136156,ok,453208,ok
30,1400,1300,8521040,ok,465352,ok
30,1400,1400,8905480,ok,479492,ok
30,1400,1500,9354216,ok,493652,ok
30,1400,1600,9738720,ok,506036,ok
30,1400,1700,10123096,ok,519948,ok
30,1400,1800,10507864,over_10gb,532136,ok
30,1400,1900,10956232,over_10gb,546720,ok
30,1400,2000,11340424,over_10gb,559108,ok
30,1500,0,3503444,ok,465348,ok
30,1500,100,3977036,ok,481288,ok
30,1500,200,4388812,ok,495048,ok
30,1500,300,4869316,ok,511104,ok
30,1500,400,5279192,ok,524828,ok
30,1500,500,5691232,ok,538472,ok
30,1500,600,6103040,ok,552080,ok
30,1500,700,6583768,ok,568268,ok
30,1500,800,6995492,ok,581900,ok
30,1500,900,7407080,ok,595656,ok
30,1500,1000,7818932,ok,609512,ok
30,1500,1100,8299948,ok,627388,ok
30,1500,1200,8712192,ok,640020,ok
30,1500,1300,9123968,ok,653096,ok
30,1500,1400,9535916,ok,668036,ok
30,1500,1500,10016432,ok,683584,ok
30,1500,1600,10428160,ok,696688,ok
30,1500,1700,10839776,over_10gb,711400,ok
30,1500,1800,11251520,over_10gb,724512,ok
30,1500,1900,11731760,over_10gb,740076,ok
30,1600,0,3726884,ok,472880,ok
30,1600,100,4238796,ok,490020,ok
30,1600,200,4677868,ok,504700,ok
30,1600,300,5190340,ok,521756,ok
30,1600,400,5627876,ok,536480,ok
30,1600,500,6067036,ok,551028,ok
30,1600,600,6506268,ok,565800,ok
30,1600,700,7018716,ok,582812,ok
30,1600,800,7457536,ok,597268,ok
30,1600,900,7896676,ok,612044,ok
30,1600,1000,8335408,ok,626812,ok
30,1600,1100,8848380,ok,645780,ok
30,1600,1200,9287488,ok,659352,ok
30,1600,1300,9727100,ok,673324,ok
30,1600,1400,10165804,ok,689168,ok
30,1600,1500,10678576,over_10gb,705804,ok
30,1600,1600,11117340,over_10gb,719704,ok
30,1600,1700,11556492,over_10gb,735440,ok
30,1700,0,3956896,ok,480656,ok
30,1700,100,4500552,ok,498748,ok
30,1700,200,4966944,ok,514344,ok
30,1700,300,5511112,ok,532612,ok
30,1700,400,5976292,ok,548112,ok
30,1700,500,6442848,ok,563516,ok
30,1700,600,6909056,ok,579272,ok
30,1700,700,7453528,ok,597360,ok
30,1700,800,7919476,ok,612832,ok
30,1700,900,8385888,ok,628428,ok
30,1700,1000,8852148,ok,643984,ok
30,1700,1100,9396936,ok,664124,ok
30,1700,1200,9863424,ok,678644,ok
30,1700,1300,10329984,ok,693472,ok
30,1700,1400,10796332,over_10gb,710284,ok
30,1700,1500,11340204,over_10gb,727996,ok
30,1700,1600,11806848,over_10gb,742816,ok
30,1800,0,4189988,ok,488296,ok
30,1800,100,4763336,ok,507476,ok
30,1800,200,5256144,ok,523992,ok
30,1800,300,5832104,ok,543364,ok
30,1800,400,6324708,ok,559756,ok
30,1800,500,6818140,ok,576144,ok
30,1800,600,7311928,ok,592752,ok
30,1800,700,7888216,ok,611908,ok
30,1800,800,8381856,ok,628296,ok
30,1800,900,8875144,ok,644812,ok
30,1800,1000,9368884,ok,661420,ok
30,1800,1100,9945416,ok,682500,ok
30,1800,1200,10439072,ok,697932,ok
30,1800,1300,10932992,over_10gb,713600,ok
30,1800,1400,11426736,over_10gb,731416,ok
30,1800,1500,12002612,over_10gb,750204,ok
30,1900,0,4416676,ok,495968,ok
30,1900,100,5024200,ok,516200,ok
30,1900,200,5545424,ok,533636,ok
30,1900,300,6153156,ok,554000,ok
30,1900,400,6673252,ok,571388,ok
30,1900,500,7193976,ok,588700,ok
30,1900,600,7715040,ok,606224,ok
30,1900,700,8322904,ok,626448,ok
30,1900,800,8843940,ok,643576,ok
30,1900,900,9364752,ok,661196,ok
30,1900,1000,9885572,ok,678716,ok
30,1900,1100,10493764,over_10gb,700848,ok
30,1900,1200,11014780,over_10gb,717220,ok
30,1900,1300,11535868,over_10gb,733864,ok
30,2000,0,4646692,ok,503628,ok
30,2000,100,5286012,ok,524932,ok
30,2000,200,5834448,ok,543280,ok
30,2000,300,6473928,ok,564724,ok
30,2000,400,7021412,ok,583024,ok
30,2000,500,7569816,ok,601256,ok
30,2000,600,8118120,ok,619700,ok
30,2000,700,8757852,ok,641000,ok
30,2000,800,9306020,ok,659224,ok
30,2000,900,9853956,ok,677468,ok
30,2000,1000,10402304,ok,696016,ok
30,2000,1100,11042248,over_10gb,719236,ok
30,2000,1200,11590524,over_10gb,736512,ok
30,2000,1300,12138876,over_10gb,754148,ok
30,2100,0,4876580,ok,511284,ok
30,2100,100,5547980,ok,533656,ok
30,2100,200,6123472,ok,552932,ok
30,2100,300,6794952,ok,575520,ok
30,2100,400,7370084,ok,594660,ok
30,2100,500,7945536,ok,613712,ok
30,2100,600,8521116,ok,633172,ok
30,2100,700,9192664,ok,655476,ok
30,2100,800,9768228,ok,674692,ok
30,2100,900,10343392,ok,693964,ok
30,2100,1000,10919216,over_10gb,713272,ok
30,2100,1100,11590472,over_10gb,737612,ok
30,2100,1200,12166400,over_10gb,755804,ok
30,2200,0,5106592,ok,518940,ok
30,2200,100,5809736,ok,542380,ok
30,2200,200,6412748,ok,562460,ok
30,2200,300,7115976,ok,586232,ok
30,2200,400,7718756,ok,606176,ok
30,2200,500,8321360,ok,626364,ok
30,2200,600,8924312,ok,646644,ok
30,2200,700,9627380,ok,670092,ok
30,2200,800,10230264,ok,690116,ok
30,2200,900,10833120,over_10gb,710348,ok
30,2200,1000,11435824,over_10gb,730624,ok
30,2200,1100,12138832,over_10gb,755972,ok
30,2300,0,5355940,ok,526596,ok
30,2300,100,6092236,ok,551108,ok
30,2300,200,6721228,ok,572224,ok
30,2300,300,7456832,ok,596900,ok
30,2300,400,8089060,ok,617936,ok
30,2300,500,8718264,ok,638924,ok
30,2300,600,9348636,ok,660116,ok
30,2300,700,10083676,ok,684556,ok
30,2300,800,10712524,over_10gb,705620,ok
30,2300,900,11343716,over_10gb,726732,ok
30,2300,1000,11973556,over_10gb,747928,ok
30,2400,0,5586084,ok,534252,ok
30,2400,100,6353848,ok,559684,ok
30,2400,200,7010384,ok,581868,ok
30,2400,300,7777732,ok,607676,ok
30,2400,400,8437092,ok,629464,ok
30,2400,500,9093848,ok,651476,ok
30,2400,600,9751320,ok,673596,ok
30,2400,700,10518232,over_10gb,699180,ok
30,2400,800,11174512,over_10gb,721088,ok
30,2400,900,11832788,over_10gb,743112,ok
30,2500,0,5815972,ok,541904,ok
30,2500,100,6615704,ok,568496,ok
30,2500,200,7299424,ok,591436,ok
30,2500,300,8098628,ok,618392,ok
30,2500,400,8785252,ok,641212,ok
30,2500,500,9469532,ok,663904,ok
30,2500,600,10154012,ok,687032,ok
30,2500,700,10952692,over_10gb,713616,ok
30,2500,800,11636444,over_10gb,736548,ok
30,2500,900,12321820,over_10gb,759500,ok
30,2600,0,6045876,ok,549564,ok
30,2600,100,6877768,ok,577296,ok
30,2600,200,7588560,ok,601160,ok
30,2600,300,8419912,ok,629108,ok
30,2600,400,9133536,ok,652848,ok
30,2600,500,9844572,ok,676592,ok
30,2600,600,10556700,over_10gb,700568,ok
30,2600,700,11387096,over_10gb,728276,ok
30,2600,800,12098340,over_10gb,752008,ok
30,2700,0,6276004,ok,557216,ok
30,2700,100,7139400,ok,586024,ok
30,2700,200,7877840,ok,610684,ok
30,2700,300,8740456,ok,639828,ok
30,2700,400,9481404,ok,664488,ok
30,2700,500,10220380,ok,689140,ok
30,2700,600,10959504,over_10gb,713960,ok
30,2700,700,11821756,over_10gb,742824,ok
30,2700,800,12560292,over_10gb,767480,ok
30,2800,0,6505892,ok,574804,ok
30,2800,100,7401288,ok,604580,ok
30,2800,200,8167116,ok,629936,ok
30,2800,300,9061700,ok,659892,ok
30,2800,400,9829532,ok,685496,ok
30,2800,500,10595804,over_10gb,710724,ok
30,2800,600,11361952,over_10gb,736508,ok
30,2800,700,12256220,over_10gb,766412,ok
30,2900,0,7001508,ok,919100,ok
30,2900,100,7919948,ok,949820,ok
30,2900,200,8705612,ok,976224,ok
30,2900,300,9623496,ok,1007180,ok
30,2900,400,10411492,ok,1033648,ok
30,2900,500,11197536,over_10gb,1059824,ok
30,2900,600,11983852,over_10gb,1086624,ok
30,2900,700,12901208,over_10gb,1117432,ok
30,3000,0,7001412,ok,926756,ok
30,3000,100,7924876,ok,958508,ok
30,3000,200,8745288,ok,985868,ok
30,3000,300,9703604,ok,1018092,ok
30,3000,400,10525740,over_10gb,1045280,ok
30,3000,500,11346512,over_10gb,1072476,ok
30,3000,600,12167440,over_10gb,1100096,ok
30,3100,0,7196256,ok,934412,ok
30,3100,100,8186768,ok,967272,ok
30,3100,200,9034568,ok,995480,ok
30,3100,300,10024632,ok,1028812,ok
30,3100,400,10874228,over_10gb,1056792,ok
30,3100,500,11721860,over_10gb,1085032,ok
30,3100,600,12570420,over_10gb,1113568,ok
30,3200,0,7426372,ok,942068,ok
30,3200,100,8448648,ok,975984,ok
30,3200,200,9323528,ok,1005036,ok
30,3200,300,10345624,ok,1039344,ok
30,3200,400,11221776,over_10gb,1068372,ok
30,3200,500,12097180,over_10gb,1097584,ok
30,3200,600,12973240,over_10gb,1127004,ok
30,3300,0,7656268,ok,949636,ok
30,3300,100,8710180,ok,984700,ok
30,3300,200,9612744,ok,1014544,ok
30,3300,300,10666420,over_10gb,1050124,ok
30,3300,400,11570420,over_10gb,1080192,ok
30,3300,500,12472956,over_10gb,1110140,ok
30,3400,0,7886428,ok,957380,ok
30,3400,100,8972148,ok,993456,ok
30,3400,200,9902020,ok,1024452,ok
30,3400,300,10987140,over_10gb,1060844,ok
30,3400,400,11918580,over_10gb,1091724,ok
30,3400,500,12848528,over_10gb,1122696,ok
30,3500,0,8116392,ok,965032,ok
30,3500,100,9234168,ok,1002188,ok
30,3500,200,10190820,ok,1034024,ok
30,3500,300,11308252,over_10gb,1071552,ok
30,3500,400,12266596,over_10gb,1103364,ok
30,3500,500,13223948,over_10gb,1135252,ok
30,3600,0,8359064,ok,972692,ok
30,3600,100,9506576,ok,1010824,ok
30,3600,200,10489108,over_10gb,1043620,ok
30,3600,300,11636248,over_10gb,1082400,ok
30,3600,400,12620020,over_10gb,1114964,ok
30,3700,0,8576376,ok,980344,ok
30,3700,100,9757484,ok,1019624,ok
30,3700,200,10769332,over_10gb,1053292,ok
30,3700,300,11950400,over_10gb,1093120,ok
30,3700,400,12962824,over_10gb,1126644,ok
30,3800,0,8806668,ok,987996,ok
30,3800,100,10019708,ok,1028368,ok
30,3800,200,11058328,over_10gb,1063036,ok
30,3800,300,12271204,over_10gb,1103712,ok
30,3800,400,13311060,over_10gb,1138376,ok
30,3900,0,9036684,ok,995444,ok
30,3900,100,10281324,ok,1036996,ok
30,3900,200,11347580,over_10gb,1072684,ok
30,3900,300,12592192,over_10gb,1114396,ok
30,3900,400,13659124,over_10gb,1150016,ok
30,4000,0,9266336,ok,1003116,ok
30,4000,100,10542984,over_10gb,1045728,ok
30,4000,200,11636988,over_10gb,1082236,ok
30,4000,300,12913064,over_10gb,1125220,ok
30,4100,0,9496608,ok,1010584,ok
30,4100,100,10804792,over_10gb,1054556,ok
30,4100,200,11925892,over_10gb,1091980,ok
30,4100,300,13234036,over_10gb,1135852,ok
30,4200,0,9726864,ok,1018624,ok
30,4200,100,11066592,over_10gb,1063076,ok
30,4200,200,12214960,over_10gb,1101576,ok
30,4200,300,13554780,over_10gb,1146712,ok
30,4300,0,9956496,ok,1026276,ok
30,4300,100,11328696,over_10gb,1071920,ok
30,4300,200,12504228,over_10gb,1111164,ok
30,4300,300,13875952,over_10gb,1157300,ok
30,4400,0,10186892,ok,1033880,ok
30,4400,100,11590652,over_10gb,1080736,ok
30,4400,200,12793468,over_10gb,1120916,ok
30,4400,300,14197188,over_10gb,1168128,ok
30,4500,0,10416908,ok,1041524,ok
30,4500,100,11852284,over_10gb,1089424,ok
30,4500,200,13082620,over_10gb,1130564,ok
30,4500,300,14517792,over_10gb,1178868,ok
30,4600,0,10687896,over_10gb,1049120,ok
30,4600,100,12154212,over_10gb,1098084,ok
30,4600,200,13414780,over_10gb,1140180,ok
30,4700,0,10917616,over_10gb,1056820,ok
30,4700,100,12415912,over_10gb,1106920,ok
30,4700,200,13703676,over_10gb,1149804,ok
30,4800,0,11148048,over_10gb,1064428,ok
30,4800,100,12677708,over_10gb,1115644,ok
30,4800,200,13992752,over_10gb,1159460,ok
40,1000,0,3132040,ok,260008,ok
40,1000,100,3558840,ok,270564,ok
40,1000,200,3926640,ok,279840,ok
40,1000,300,4355804,ok,290356,ok
40,1000,400,4723240,ok,299520,ok
40,1000,500,5090904,ok,308944,ok
40,1000,600,5458756,ok,317784,ok
40,1000,700,5888192,ok,328780,ok
40,1000,800,6255212,ok,337836,ok
40,1000,900,6623484,ok,346836,ok
40,1000,1000,6991064,ok,356092,ok
40,1000,1100,7419940,ok,367564,ok
40,1000,1200,7787364,ok,378884,ok
40,1000,1300,8154696,ok,390216,ok
40,1000,1400,8522536,ok,395328,ok
40,1000,1500,8951192,ok,408196,ok
40,1000,1600,9318740,ok,418952,ok
40,1000,1700,9686048,ok,424852,ok
40,1000,1800,10053480,ok,435472,ok
40,1000,1900,10482532,ok,443668,ok
40,1000,2000,10849668,over_10gb,454192,ok
40,1000,2100,11217324,over_10gb,464452,ok
40,1000,2200,11584864,over_10gb,471432,ok
40,1100,0,3511684,ok,443612,ok
40,1100,100,3968444,ok,455256,ok
40,1100,200,4361608,ok,465452,ok
40,1100,300,4820700,ok,477096,ok
40,1100,400,5213560,ok,487300,ok
40,1100,500,5607044,ok,497492,ok
40,1100,600,6002796,ok,507376,ok
40,1100,700,6474436,ok,519240,ok
40,1100,800,6878660,ok,529540,ok
40,1100,900,7283140,ok,539400,ok
40,1100,1000,7687932,ok,549688,ok
40,1100,1100,8159460,ok,562124,ok
40,1100,1200,8563780,ok,574508,ok
40,1100,1300,8967916,ok,586880,ok
40,1100,1400,9372188,ok,592668,ok
40,1100,1500,9844136,ok,606552,ok
40,1100,1600,10248128,ok,618548,ok
40,1100,1700,10652360,over_10gb,625004,ok
40,1100,1800,11056900,over_10gb,636676,ok
40,1100,1900,11528552,over_10gb,645836,ok
40,1200,0,3753436,ok,451236,ok
40,1200,100,4266312,ok,464076,ok
40,1200,200,4707444,ok,475076,ok
40,1200,300,5222320,ok,487924,ok
40,1200,400,5663348,ok,498952,ok
40,1200,500,6104792,ok,510132,ok
40,1200,600,6545916,ok,521056,ok
40,1200,700,7061044,ok,534040,ok
40,1200,800,7501632,ok,545164,ok
40,1200,900,7943336,ok,556036,ok
40,1200,1000,8384548,ok,567168,ok
40,1200,1100,8898892,ok,580676,ok
40,1200,1200,9340100,ok,594044,ok
40,1200,1300,9780836,ok,607404,ok
40,1200,1400,10222024,ok,613888,ok
40,1200,1500,10736588,over_10gb,629028,ok
40,1200,1600,11177536,over_10gb,641892,ok
40,1200,1700,11618576,over_10gb,649280,ok
40,1300,0,4063832,ok,459080,ok
40,1300,100,4619836,ok,472892,ok
40,1300,200,5098160,ok,484944,ok
40,1300,300,5655640,ok,498752,ok
40,1300,400,6133708,ok,510756,ok
40,1300,500,6611504,ok,522560,ok
40,1300,600,7089516,ok,534668,ok
40,1300,700,7647308,ok,548728,ok
40,1300,800,8124840,ok,560788,ok
40,1300,900,8603056,ok,572588,ok
40,1300,1000,9081108,ok,584644,ok
40,1300,1100,9638604,ok,599240,ok
40,1300,1200,10116380,ok,613464,ok
40,1300,1300,10594076,over_10gb,627808,ok
40,1300,1400,11071692,over_10gb,635268,ok
40,1300,1500,11629440,over_10gb,651440,ok
40,1400,0,4374364,ok,466808,ok
40,1400,100,4973856,ok,481708,ok
40,1400,200,5488468,ok,494688,ok
40,1400,300,6089304,ok,509512,ok
40,1400,400,6603220,ok,522568,ok
40,1400,500,7118604,ok,535548,ok
40,1400,600,7633040,ok,548276,ok
40,1400,700,8233596,ok,563428,ok
40,1400,800,8748088,ok,576408,ok
40,1400,900,9263012,ok,589096,ok
40,1400,1000,9777648,ok,602104,ok
40,1400,1100,10378192,ok,617792,ok
40,1400,1200,10892684,over_10gb,633008,ok
40,1400,1300,11407176,over_10gb,648212,ok
40,1400,1400,11921968,over_10gb,656640,ok
40,1500,0,4684812,ok,474540,ok
40,1500,100,5327632,ok,490524,ok
40,1500,200,5879040,ok,504436,ok
40,1500,300,6522328,ok,520272,ok
40,1500,400,7073764,ok,534316,ok
40,1500,500,7625224,ok,548232,ok
40,1500,600,8176796,ok,561884,ok
40,1500,700,8819904,ok,578120,ok
40,1500,800,9371216,ok,592028,ok
40,1500,900,9922984,ok,605684,ok
40,1500,1000,10474196,ok,619600,ok
40,1500,1100,11117684,over_10gb,636352,ok
40,1500,1200,11668932,over_10gb,652492,ok
40,1500,1300,12220444,over_10gb,668620,ok
40,1600,0,4995676,ok,482248,ok
40,1600,100,5681692,ok,499188,ok
40,1600,200,6269740,ok,514136,ok
40,1600,300,6955852,ok,531188,ok
40,1600,400,7543924,ok,545988,ok
40,1600,500,8132368,ok,560740,ok
40,1600,600,8720340,ok,575420,ok
40,1600,700,9406596,ok,592760,ok
40,1600,800,9994360,ok,607588,ok
40,1600,900,10582948,over_10gb,622176,ok
40,1600,1000,11170884,over_10gb,636924,ok
40,1600,1100,11857236,over_10gb,654832,ok
40,1700,0,5321692,ok,489888,ok
40,1700,100,6053448,ok,508032,ok
40,1700,200,6678320,ok,523780,ok
40,1700,300,7406360,ok,541908,ok
40,1700,400,8029756,ok,557608,ok
40,1700,500,8654348,ok,573420,ok
40,1700,600,9279316,ok,588920,ok
40,1700,700,10007632,ok,607304,ok
40,1700,800,10632004,over_10gb,623056,ok
40,1700,900,11250856,over_10gb,638556,ok
40,1700,1000,11875580,over_10gb,654312,ok
40,1800,0,5628704,ok,497560,ok
40,1800,100,6403412,ok,516680,ok
40,1800,200,7064496,ok,533428,ok
40,1800,300,7834968,ok,552628,ok
40,1800,400,8494928,ok,569304,ok
40,1800,500,9155796,ok,585972,ok
40,1800,600,9816856,ok,602268,ok
40,1800,700,10587956,over_10gb,621844,ok
40,1800,800,11248704,over_10gb,638524,ok
40,1800,900,11904296,over_10gb,654940,ok
40,1900,0,5936732,ok,505216,ok
40,1900,100,6753312,ok,525300,ok
40,1900,200,7450540,ok,542952,ok
40,1900,300,8263620,ok,563288,ok
40,1900,400,8959820,ok,580936,ok
40,1900,500,9656912,ok,598532,ok
40,1900,600,10354860,ok,615872,ok
40,1900,700,11168188,over_10gb,636396,ok
40,1900,800,11865088,over_10gb,653988,ok
40,1900,900,12557328,over_10gb,671192,ok
40,2000,0,6244188,ok,515128,ok
40,2000,100,7103004,ok,536036,ok
40,2000,200,7836848,ok,554708,ok
40,2000,300,8692184,ok,575656,ok
40,2000,400,9424908,ok,594160,ok
40,2000,500,10158516,ok,612328,ok
40,2000,600,10892904,over_10gb,630556,ok
40,2000,700,11748436,over_10gb,652192,ok
40,2000,800,12481592,over_10gb,670656,ok
40,2100,0,6551772,ok,540188,ok
40,2100,100,7452828,ok,562596,ok
40,2100,200,8222636,ok,581896,ok
40,2100,300,9120860,ok,604040,ok
40,2100,400,9889988,ok,623468,ok
40,2100,500,10659852,over_10gb,642896,ok
40,2100,600,11430544,over_10gb,661752,ok
40,2100,700,12328800,over_10gb,684600,ok
40,2200,0,7017932,ok,883388,ok
40,2200,100,7937720,ok,906680,ok
40,2200,200,8724408,ok,926792,ok
40,2200,300,9641436,ok,950048,ok
40,2200,400,10426960,ok,970492,ok
40,2200,500,11213248,over_10gb,990772,ok
40,2200,600,12000216,over_10gb,1010644,ok
40,2200,700,12917724,over_10gb,1034260,ok
40,2300,0,7166964,ok,891116,ok
40,2300,100,8152148,ok,915396,ok
40,2300,200,8995040,ok,936540,ok
40,2300,300,9977920,ok,960836,ok
40,2300,400,10819864,over_10gb,981984,ok
40,2300,500,11662768,over_10gb,1003352,ok
40,2300,600,12506192,over_10gb,1024172,ok
40,2400,0,7474552,ok,898756,ok
40,2400,100,8501816,ok,924028,ok
40,2400,200,9381172,ok,946180,ok
40,2400,300,10406808,ok,971556,ok
40,2400,400,11284996,over_10gb,993724,ok
40,2400,500,12164260,over_10gb,1015804,ok
40,2400,600,13043620,over_10gb,1037548,ok
40,2500,0,7782132,ok,906428,ok
40,2500,100,8851804,ok,932740,ok
40,2500,200,9767488,ok,955836,ok
40,2500,300,10835156,over_10gb,982276,ok
40,2500,400,11750212,over_10gb,1005376,ok
40,2500,500,12665720,over_10gb,1028348,ok
40,2600,0,8089588,ok,914012,ok
40,2600,100,9201752,ok,941460,ok
40,2600,200,10153684,ok,965496,ok
40,2600,300,11263700,over_10gb,992976,ok
40,2600,400,12215304,over_10gb,1017016,ok
40,2600,500,13167180,over_10gb,1041028,ok
40,2700,0,8397028,ok,921740,ok
40,2700,100,9551472,ok,949996,ok
40,2700,200,10539844,over_10gb,975188,ok
40,2700,300,11692616,over_10gb,1003556,ok
40,2700,400,12680052,over_10gb,1028600,ok
40,2800,0,8704688,ok,929272,ok
40,2800,100,9901164,ok,958892,ok
40,2800,200,10925836,over_10gb,984772,ok
40,2800,300,12120824,over_10gb,1014428,ok
40,2800,400,13145520,over_10gb,1040244,ok
40,2900,0,9012156,ok,936928,ok
40,2900,100,10250936,ok,967688,ok
40,2900,200,11312008,over_10gb,994424,ok
40,2900,300,12549776,over_10gb,1025144,ok
40,2900,400,13610620,over_10gb,1051808,ok
40,3000,0,9319924,ok,944704,ok
40,3000,100,10600720,over_10gb,976460,ok
40,3000,200,11698172,over_10gb,1004064,ok
40,3000,300,12978472,over_10gb,1035860,ok
40,3100,0,9627188,ok,952360,ok
40,3100,100,10950404,over_10gb,985216,ok
40,3100,200,12084560,over_10gb,1013656,ok
40,3100,300,13407020,over_10gb,1046584,ok
40,3200,0,9934912,ok,959884,ok
40,3200,100,11300460,over_10gb,993960,ok
40,3200,200,12470472,over_10gb,1023396,ok
40,3200,300,13835592,over_10gb,1057268,ok
40,3300,0,10242432,ok,967596,ok
40,3300,100,11650024,over_10gb,1002680,ok
40,3300,200,12856848,over_10gb,1033096,ok
40,3300,300,14264244,over_10gb,1068020,ok
40,3400,0,10590640,over_10gb,975268,ok
40,3400,100,12043936,over_10gb,1011192,ok
40,3400,200,13283668,over_10gb,1042652,ok
40,3500,0,10898420,over_10gb,982980,ok
40,3500,100,12393576,over_10gb,1020012,ok
40,3500,200,13670220,over_10gb,1052340,ok
40,3600,0,11205620,over_10gb,990504,ok
40,3600,100,12743528,over_10gb,1028808,ok
40,3600,200,14056528,over_10gb,1061940,ok
50,1000,0,3901712,ok,430336,ok
50,1000,100,4437844,ok,440928,ok
50,1000,200,4897388,ok,450304,ok
50,1000,300,5434060,ok,460892,ok
50,1000,400,5893256,ok,470172,ok
50,1000,500,6352616,ok,479440,ok
50,1000,600,6813152,ok,488284,ok
50,1000,700,7349056,ok,499304,ok
50,1000,800,7808652,ok,508520,ok
50,1000,900,8268216,ok,517624,ok
50,1000,1000,8727712,ok,526900,ok
50,1000,1100,9263488,ok,538192,ok
50,1000,1200,9723172,ok,549248,ok
50,1000,1300,10182692,ok,560288,ok
50,1000,1400,10642104,over_10gb,565972,ok
50,1000,1500,11178176,over_10gb,578264,ok
50,1000,1600,11637748,over_10gb,589092,ok
50,1100,0,4289556,ok,438180,ok
50,1100,100,4879444,ok,449748,ok
50,1100,200,5385308,ok,460056,ok
50,1100,300,5975228,ok,471724,ok
50,1100,400,6480464,ok,481928,ok
50,1100,500,6985788,ok,491880,ok
50,1100,600,7491684,ok,502100,ok
50,1100,700,8081336,ok,514000,ok
50,1100,800,8586972,ok,524124,ok
50,1100,900,9092164,ok,534176,ok
50,1100,1000,9597856,ok,544332,ok
50,1100,1100,10187504,ok,556624,ok
50,1100,1200,10692964,over_10gb,568620,ok
50,1100,1300,11198540,over_10gb,580576,ok
50,1100,1400,11704312,over_10gb,587184,ok
50,1200,0,4677404,ok,445912,ok
50,1200,100,5320788,ok,458664,ok
50,1200,200,5872604,ok,469792,ok
50,1200,300,6516160,ok,482552,ok
50,1200,400,7067400,ok,493680,ok
50,1200,500,7618836,ok,504684,ok
50,1200,600,8170596,ok,515708,ok
50,1200,700,8814016,ok,528696,ok
50,1200,800,9365224,ok,539824,ok
50,1200,900,9916864,ok,550728,ok
50,1200,1000,10468256,ok,561856,ok
50,1200,1100,11111656,over_10gb,575308,ok
50,1200,1200,11662944,over_10gb,588208,ok
50,1200,1300,12214452,over_10gb,601088,ok
50,1300,0,5065620,ok,453644,ok
50,1300,100,5762316,ok,467484,ok
50,1300,200,6360004,ok,479544,ok
50,1300,300,7057008,ok,493372,ok
50,1300,400,7654152,ok,505440,ok
50,1300,500,8251728,ok,517496,ok
50,1300,600,8849248,ok,529324,ok
50,1300,700,9546176,ok,543388,ok
50,1300,800,10143716,ok,555448,ok
50,1300,900,10741056,over_10gb,567276,ok
50,1300,1000,11338532,over_10gb,579332,ok
50,1300,1100,12035556,over_10gb,593864,ok
50,1400,0,5474708,ok,461380,ok
50,1400,100,6225872,ok,476300,ok
50,1400,200,6868076,ok,489288,ok
50,1400,300,7619264,ok,504204,ok
50,1400,400,8261900,ok,517192,ok
50,1400,500,8904404,ok,530180,ok
50,1400,600,9542916,ok,542936,ok
50,1400,700,10293076,ok,558088,ok
50,1400,800,10937996,over_10gb,571072,ok
50,1400,900,11581376,over_10gb,583824,ok
50,1400,1000,12225316,over_10gb,596812,ok
50,1500,0,5862160,ok,469112,ok
50,1500,100,6666964,ok,485120,ok
50,1500,200,7355480,ok,498904,ok
50,1500,300,8159804,ok,515036,ok
50,1500,400,8848776,ok,528948,ok
50,1500,500,9537364,ok,542860,ok
50,1500,600,10222040,ok,556544,ok
50,1500,700,11025984,over_10gb,572780,ok
50,1500,800,11716620,over_10gb,586696,ok
50,1500,900,12405440,over_10gb,600376,ok
50,1600,0,6249872,ok,476836,ok
50,1600,100,7108052,ok,493932,ok
50,1600,200,7842344,ok,508776,ok
50,1600,300,8700608,ok,525860,ok
50,1600,400,9435524,ok,540704,ok
50,1600,500,10169784,ok,555544,ok
50,1600,600,10901092,over_10gb,570096,ok
50,1600,700,11758528,over_10gb,587476,ok
50,1600,800,12494660,over_10gb,602312,ok
50,1700,0,6637072,ok,504256,ok
50,1700,100,7549268,ok,522364,ok
50,1700,200,8329692,ok,538128,ok
50,1700,300,9241036,ok,556192,ok
50,1700,400,10022088,ok,571728,ok
50,1700,500,10802508,over_10gb,587480,ok
50,1700,600,11580132,over_10gb,603032,ok
50,1700,700,12491196,over_10gb,621304,ok
50,1800,0,7024960,ok,842028,ok
50,1800,100,7990240,ok,861040,ok
50,1800,200,8816532,ok,877736,ok
50,1800,300,9781808,ok,896748,ok
50,1800,400,10608592,over_10gb,913448,ok
50,1800,500,11435232,over_10gb,930140,ok
50,1800,600,12259028,over_10gb,946500,ok
50,1900,0,7412412,ok,849732,ok
50,1900,100,8431476,ok,869856,ok
50,1900,200,9303876,ok,887472,ok
50,1900,300,10322572,ok,907572,ok
50,1900,400,11195580,over_10gb,925072,ok
50,1900,500,12067936,over_10gb,942820,ok
50,1900,600,12938148,over_10gb,960108,ok
50,2000,0,7799780,ok,857492,ok
50,2000,100,8872640,ok,878668,ok
50,2000,200,9790684,ok,897168,ok
50,2000,300,10863224,over_10gb,918400,ok
50,2000,400,11782080,over_10gb,936952,ok
50,2000,500,12700512,over_10gb,955508,ok
50,2100,0,8187532,ok,865096,ok
50,2100,100,9313652,ok,887492,ok
50,2100,200,10278212,ok,906912,ok
50,2100,300,11403868,over_10gb,929232,ok
50,2100,400,12368640,over_10gb,948660,ok
50,2100,500,13333348,over_10gb,968192,ok
50,2200,0,8575008,ok,872956,ok
50,2200,100,9754576,ok,896256,ok
50,2200,200,10765384,over_10gb,916716,ok
50,2200,300,11944524,over_10gb,939960,ok
50,2200,400,12955460,over_10gb,960468,ok
50,2300,0,8962580,ok,880692,ok
50,2300,100,10195828,ok,905020,ok
50,2300,200,11252424,over_10gb,926452,ok
50,2300,300,12485240,over_10gb,950888,ok
50,2300,400,13541912,over_10gb,972224,ok
50,2400,0,9350180,ok,888428,ok
50,2400,100,10636984,over_10gb,913940,ok
50,2400,200,11739428,over_10gb,936204,ok
50,2400,300,13026032,over_10gb,961688,ok
50,2500,0,9737660,ok,896120,ok
50,2500,100,11078020,over_10gb,922648,ok
50,2500,200,12226636,over_10gb,945896,ok
50,2500,300,13566528,over_10gb,972488,ok
50,2600,0,10121248,ok,903776,ok
50,2600,100,11514676,over_10gb,931436,ok
50,2600,200,12708684,over_10gb,955544,ok
50,2600,300,14101692,over_10gb,983080,ok
50,2700,0,10543860,over_10gb,911428,ok
50,2700,100,11991352,over_10gb,940168,ok
50,2700,200,13228684,over_10gb,965192,ok
50,2800,0,10927780,over_10gb,919088,ok
50,2800,100,12428088,over_10gb,948892,ok
50,2800,200,13710972,over_10gb,974816,ok
50,2900,0,11311524,over_10gb,926740,ok
50,2900,100,12864472,over_10gb,957504,ok
50,2900,200,14193336,over_10gb,984484,ok
60,1000,0,4673428,ok,426700,ok
60,1000,100,5317132,ok,437436,ok
60,1000,200,5868616,ok,446704,ok
60,1000,300,6511940,ok,457312,ok
60,1000,400,7063936,ok,466592,ok
60,1000,500,7615116,ok,475772,ok
60,1000,600,8166736,ok,484924,ok
60,1000,700,8810276,ok,495676,ok
60,1000,800,9361912,ok,505024,ok
60,1000,900,9913400,ok,514084,ok
60,1000,1000,10464908,ok,523364,ok
60,1000,1100,11108436,over_10gb,534596,ok
60,1000,1200,11659688,over_10gb,545396,ok
60,1000,1300,12211432,over_10gb,556044,ok
60,1100,0,5138328,ok,434432,ok
60,1100,100,5846156,ok,446252,ok
60,1100,200,6453060,ok,456452,ok
60,1100,300,7160872,ok,468140,ok
60,1100,400,7767684,ok,478348,ok
60,1100,500,8374212,ok,488552,ok
60,1100,600,8980948,ok,498540,ok
60,1100,700,9688736,ok,510440,ok
60,1100,800,10295668,ok,520584,ok
60,1100,900,10902324,over_10gb,530636,ok
60,1100,1000,11508748,over_10gb,540844,ok
60,1100,1100,12216660,over_10gb,553176,ok
60,1200,0,5624776,ok,442168,ok
60,1200,100,6396044,ok,455064,ok
60,1200,200,7057992,ok,466160,ok
60,1200,300,7829988,ok,478972,ok
60,1200,400,8486788,ok,489844,ok
60,1200,500,9149384,ok,501228,ok
60,1200,600,9811148,ok,512148,ok
60,1200,700,10583400,over_10gb,525140,ok
60,1200,800,11245168,over_10gb,536272,ok
60,1200,900,11907256,over_10gb,547104,ok
60,1300,0,6089492,ok,449820,ok
60,1300,100,6924940,ok,463884,ok
60,1300,200,7642184,ok,475944,ok
60,1300,300,8478244,ok,489752,ok
60,1300,400,9190744,ok,501860,ok
60,1300,500,9908296,ok,513920,ok
60,1300,600,10625360,over_10gb,525764,ok
60,1300,700,11462052,over_10gb,539836,ok
60,1300,800,12178404,over_10gb,551892,ok
60,1400,0,6554008,ok,469760,ok
60,1400,100,7453968,ok,484396,ok
60,1400,200,8226116,ok,497468,ok
60,1400,300,9126952,ok,512312,ok
60,1400,400,9894784,ok,525304,ok
60,1400,500,10667464,over_10gb,538288,ok
60,1400,600,11439572,over_10gb,550712,ok
60,1400,700,12340640,over_10gb,565996,ok
60,1500,0,7018596,ok,811448,ok
60,1500,100,7983044,ok,827376,ok
60,1500,200,8810136,ok,841288,ok
60,1500,300,9775128,ok,857092,ok
60,1500,400,10598948,over_10gb,871012,ok
60,1500,500,11426236,over_10gb,884920,ok
60,1500,600,12253712,over_10gb,898536,ok
60,1600,0,7483104,ok,819184,ok
60,1600,100,8511656,ok,836196,ok
60,1600,200,9394184,ok,851036,ok
60,1600,300,10423576,ok,867896,ok
60,1600,400,11302664,over_10gb,882768,ok
60,1600,500,12185480,over_10gb,897524,ok
60,1600,600,13068048,over_10gb,912144,ok
60,1700,0,7947424,ok,826920,ok
60,1700,100,9040836,ok,845012,ok
60,1700,200,9978252,ok,860784,ok
60,1700,300,11071896,over_10gb,878752,ok
60,1700,400,12006880,over_10gb,894520,ok
60,1700,500,12944636,over_10gb,910288,ok
60,1800,0,8412140,ok,834648,ok
60,1800,100,9569428,ok,853832,ok
60,1800,200,10562412,over_10gb,870528,ok
60,1800,300,11720084,over_10gb,889548,ok
60,1800,400,12710776,over_10gb,906276,ok
60,1900,0,8876652,ok,842272,ok
60,1900,100,10098472,ok,862648,ok
60,1900,200,11146132,over_10gb,880272,ok
60,1900,300,12368608,over_10gb,900404,ok
60,1900,400,13414900,over_10gb,917960,ok
60,2000,0,9341164,ok,849988,ok
60,2000,100,10627468,over_10gb,871464,ok
60,2000,200,11730540,over_10gb,889884,ok
60,2000,300,13016988,over_10gb,911232,ok
60,2100,0,9805356,ok,857772,ok
60,2100,100,11156312,over_10gb,880276,ok
60,2100,200,12314476,over_10gb,899764,ok
60,2100,300,13665244,over_10gb,922056,ok
60,2200,0,10269984,ok,865584,ok
60,2200,100,11685260,over_10gb,889096,ok
60,2200,200,12898496,over_10gb,909504,ok
60,2200,300,14313492,over_10gb,932764,ok
60,2300,0,10773740,over_10gb,873320,ok
60,2300,100,12253924,over_10gb,897916,ok
60,2300,200,13519528,over_10gb,919124,ok
60,2400,0,11238524,over_10gb,881056,ok
60,2400,100,12783232,over_10gb,906732,ok
60,2400,200,14103844,over_10gb,928844,ok
60,2500,0,11703020,over_10gb,888788,ok
60,2500,100,13312264,over_10gb,915544,ok
60,2500,200,14687920,over_10gb,938608,ok
70,1000,0,5490864,ok,438956,ok
70,1000,100,6241200,ok,449780,ok
70,1000,200,6879284,ok,459056,ok
70,1000,300,7631104,ok,469880,ok
70,1000,400,8274468,ok,479160,ok
70,1000,500,8918240,ok,488436,ok
70,1000,600,9561844,ok,497440,ok
70,1000,700,10313428,ok,508264,ok
70,1000,800,10957332,over_10gb,517540,ok
70,1000,900,11600796,over_10gb,526816,ok
70,1000,1000,12244716,over_10gb,535972,ok
70,1100,0,6035040,ok,446692,ok
70,1100,100,6860464,ok,458600,ok
70,1100,200,7563100,ok,468672,ok
70,1100,300,8389756,ok,480712,ok
70,1100,400,9097740,ok,490916,ok
70,1100,500,9805664,ok,501120,ok
70,1100,600,10513656,over_10gb,511052,ok
70,1100,700,11340372,over_10gb,522956,ok
70,1100,800,12048380,over_10gb,533076,ok
70,1200,0,6578992,ok,478292,ok
70,1200,100,7479472,ok,491148,ok
70,1200,200,8247224,ok,502540,ok
70,1200,300,9149056,ok,515528,ok
70,1200,400,9921036,ok,526568,ok
70,1200,500,10693128,over_10gb,537668,ok
70,1200,600,11465588,over_10gb,548244,ok
70,1200,700,12366804,over_10gb,561108,ok
70,1300,0,7123040,ok,820356,ok
70,1300,100,8098656,ok,834428,ok
70,1300,200,8931488,ok,846496,ok
70,1300,300,9907604,ok,860564,ok
70,1300,400,10744424,over_10gb,872628,ok
70,1300,500,11580784,over_10gb,884688,ok
70,1300,600,12417348,over_10gb,896192,ok
70,1400,0,7667040,ok,828036,ok
70,1400,100,8717660,ok,843232,ok
70,1400,200,9615280,ok,856236,ok
70,1400,300,10666832,over_10gb,871396,ok
70,1400,400,11567844,over_10gb,884384,ok
70,1400,500,12468728,over_10gb,897372,ok
70,1500,0,8211040,ok,835772,ok
70,1500,100,9336800,ok,852068,ok
70,1500,200,10299484,ok,865984,ok
70,1500,300,11425644,over_10gb,882104,ok
70,1500,400,12390828,over_10gb,896136,ok
70,1500,500,13356152,over_10gb,910056,ok
70,1600,0,8755088,ok,843560,ok
70,1600,100,9955812,ok,860880,ok
70,1600,200,10983424,over_10gb,875728,ok
70,1600,300,12185012,over_10gb,892932,ok
70,1600,400,13214232,over_10gb,907892,ok
70,1700,0,9298736,ok,851292,ok
70,1700,100,10575056,over_10gb,869672,ok
70,1700,200,11667628,over_10gb,885468,ok
70,1700,300,12943796,over_10gb,903872,ok
70,1800,0,9843092,ok,859028,ok
70,1800,100,11193920,over_10gb,878512,ok
70,1800,200,12351504,over_10gb,895220,ok
70,1800,300,13702888,over_10gb,914700,ok
70,1900,0,10440116,ok,866568,ok
70,1900,100,11867748,over_10gb,887328,ok
70,1900,200,13084180,over_10gb,904960,ok
70,1900,300,14508780,over_10gb,925528,ok
70,2000,0,10971972,over_10gb,874496,ok
70,2000,100,12471524,over_10gb,896148,ok
70,2000,200,13762828,over_10gb,914660,ok
70,2100,0,11516096,over_10gb,882232,ok
70,2100,100,13090344,over_10gb,904968,ok
70,2100,200,14446012,over_10gb,924328,ok
70,2200,0,12060276,over_10gb,890044,ok
70,2200,100,13710048,over_10gb,913784,ok
70,2200,200,15129512,over_10gb,934196,ok
80,1000,0,6261728,ok,437628,ok
80,1000,100,7115352,ok,448240,ok
80,1000,200,7851508,ok,457580,ok
80,1000,300,8709920,ok,468436,ok
80,1000,400,9445024,ok,477840,ok
80,1000,500,10181284,ok,486988,ok
80,1000,600,10917768,over_10gb,495752,ok
80,1000,700,11776344,over_10gb,506652,ok
80,1000,800,12511068,over_10gb,515852,ok
80,1100,0,7018348,ok,797368,ok
80,1100,100,7932068,ok,809216,ok
80,1100,200,8718720,ok,819484,ok
80,1100,300,9636700,ok,831260,ok
80,1100,400,10422812,ok,841596,ok
80,1100,500,11209508,over_10gb,851800,ok
80,1100,600,12004348,over_10gb,861356,ok
80,1100,700,12948976,over_10gb,873268,ok
80,1200,0,7503832,ok,805100,ok
80,1200,100,8530400,ok,818088,ok
80,1200,200,9413096,ok,829228,ok
80,1200,300,10443108,ok,842216,ok
80,1200,400,11325636,over_10gb,853196,ok
80,1200,500,12208616,over_10gb,864488,ok
80,1200,600,13091816,over_10gb,874952,ok
80,1300,0,8124888,ok,812796,ok
80,1300,100,9237860,ok,826772,ok
80,1300,200,10194216,ok,838860,ok
80,1300,300,11309792,over_10gb,853040,ok
80,1300,400,12265928,over_10gb,865108,ok
80,1300,500,13222060,over_10gb,876868,ok
80,1400,0,8746016,ok,820568,ok
80,1400,100,9945376,ok,835676,ok
80,1400,200,10975048,over_10gb,848716,ok
80,1400,300,12176492,over_10gb,863868,ok
80,1400,400,13206140,over_10gb,876860,ok
80,1500,0,9366984,ok,828196,ok
80,1500,100,10652664,over_10gb,844540,ok
80,1500,200,11756296,over_10gb,858356,ok
80,1500,300,13043056,over_10gb,874700,ok
80,1600,0,9988056,ok,836036,ok
80,1600,100,11360400,over_10gb,853232,ok
80,1600,200,12537240,over_10gb,868204,ok
80,1600,300,13909964,over_10gb,885524,ok
80,1700,0,10646176,over_10gb,843644,ok
80,1700,100,12111584,over_10gb,862116,ok
80,1700,200,13362504,over_10gb,877952,ok
80,1800,0,11267528,over_10gb,851504,ok
80,1800,100,12818372,over_10gb,870944,ok
80,1800,200,14142856,over_10gb,887696,ok
80,1900,0,11888680,over_10gb,859236,ok
80,1900,100,13525000,over_10gb,879804,ok
80,1900,200,14922864,over_10gb,897436,ok
90,1000,0,7029384,ok,783596,ok
90,1000,100,7995540,ok,794384,ok
90,1000,200,8823368,ok,803620,ok
90,1000,300,9788380,ok,814416,ok
90,1000,400,10616908,over_10gb,823804,ok
90,1000,500,11445048,over_10gb,833088,ok
90,1000,600,12272856,over_10gb,841876,ok
90,1100,0,7728140,ok,791328,ok
90,1100,100,8790804,ok,803240,ok
90,1100,200,9701324,ok,813448,ok
90,1100,300,10763168,over_10gb,825356,ok
90,1100,400,11673844,over_10gb,835564,ok
90,1100,500,12584760,over_10gb,845772,ok
90,1200,0,8427196,ok,799060,ok
90,1200,100,9586056,ok,812056,ok
90,1200,200,10578856,over_10gb,823192,ok
90,1200,300,11737212,over_10gb,836180,ok
90,1200,400,12731068,over_10gb,847316,ok
90,1300,0,9125928,ok,806800,ok
90,1300,100,10381172,ok,820872,ok
90,1300,200,11456780,over_10gb,832936,ok
90,1300,300,12711756,over_10gb,847008,ok
90,1300,400,13787688,over_10gb,858988,ok
90,1400,0,9824808,ok,814492,ok
90,1400,100,11176580,over_10gb,829692,ok
90,1400,200,12334824,over_10gb,842684,ok
90,1400,300,13686028,over_10gb,857776,ok
90,1500,0,10567524,over_10gb,822160,ok
90,1500,100,12015316,over_10gb,838508,ok
90,1500,200,13256460,over_10gb,852428,ok
90,1600,0,11265468,over_10gb,830000,ok
90,1600,100,12809860,over_10gb,847216,ok
90,1600,200,14133472,over_10gb,862132,ok
90,1700,0,11963272,over_10gb,837732,ok
90,1700,100,13603984,over_10gb,856104,ok
90,1700,200,15010444,over_10gb,871912,ok
100,1000,0,7802512,ok,778920,ok
100,1000,100,8875156,ok,789752,ok
100,1000,200,9795444,ok,799028,ok
100,1000,300,10868420,over_10gb,809856,ok
100,1000,400,11788256,over_10gb,819140,ok
100,1000,500,12707280,over_10gb,828420,ok
100,1100,0,8577992,ok,786528,ok
100,1100,100,9758552,ok,798568,ok
100,1100,200,10770204,over_10gb,808772,ok
100,1100,300,11950304,over_10gb,820684,ok
100,1100,400,12962016,over_10gb,830892,ok
100,1200,0,9354044,ok,794388,ok
100,1200,100,10641300,over_10gb,807384,ok
100,1200,200,11744920,over_10gb,818516,ok
100,1200,300,13032532,over_10gb,831512,ok
100,1300,0,10130000,ok,802120,ok
100,1300,100,11524192,over_10gb,816200,ok
100,1300,200,12719900,over_10gb,828268,ok
100,1300,300,14114196,over_10gb,842340,ok
100,1400,0,10949048,over_10gb,809856,ok
100,1400,100,12450840,over_10gb,825012,ok
100,1400,200,13736732,over_10gb,838012,ok
100,1500,0,11723964,over_10gb,817592,ok
100,1500,100,13332864,over_10gb,833832,ok
100,1500,200,14711064,over_10gb,847752,ok
100,1600,0,12498872,over_10gb,825328,ok
100,1600,100,14215064,over_10gb,842576,ok
100,1600,200,15685000,over_10gb,857500,ok
110,1000,0,8574664,ok,775036,ok
110,1000,100,9755128,ok,785760,ok
110,1000,200,10767216,over_10gb,795172,ok
110,1000,300,11948088,over_10gb,806004,ok
110,1000,400,12959736,over_10gb,815284,ok
110,1100,0,9427344,ok,782744,ok
110,1100,100,10726008,over_10gb,794708,ok
110,1100,200,11838840,over_10gb,804920,ok
110,1100,300,13137360,over_10gb,816828,ok
110,1200,0,10280416,ok,790456,ok
110,1200,100,11696644,over_10gb,803396,ok
110,1200,200,12910528,over_10gb,814536,ok
110,1200,300,14326972,over_10gb,827656,ok
110,1300,0,11176628,over_10gb,798264,ok
110,1300,100,12708980,over_10gb,812332,ok
110,1300,200,14024388,over_10gb,824412,ok
110,1400,0,12028460,over_10gb,805864,ok
110,1400,100,13678700,over_10gb,821160,ok
110,1400,200,15095688,over_10gb,834156,ok
110,1500,0,12880448,over_10gb,826728,ok
110,1500,100,14648592,over_10gb,842900,ok
110,1500,200,16166648,over_10gb,856956,ok
120,1000,0,9347684,ok,771748,ok
120,1000,100,10635216,over_10gb,782612,ok
120,1000,200,11739388,over_10gb,791748,ok
120,1000,300,13027464,over_10gb,802728,ok
120,1100,0,10277160,ok,779520,ok
120,1100,100,11693808,over_10gb,791432,ok
120,1100,200,12907660,over_10gb,801644,ok
120,1100,300,14324100,over_10gb,813552,ok
120,1200,0,11250284,over_10gb,787256,ok
120,1200,100,12793484,over_10gb,800252,ok
120,1200,200,14118028,over_10gb,811376,ok
120,1300,0,12179460,over_10gb,794988,ok
120,1300,100,13851364,over_10gb,809068,ok
120,1300,200,15285852,over_10gb,821044,ok
120,1400,0,13108480,over_10gb,825620,ok
120,1400,100,14908920,over_10gb,840972,ok
120,1400,200,16453656,over_10gb,853840,ok
130,1000,0,10169276,ok,801696,ok
130,1000,100,11564564,over_10gb,812528,ok
130,1000,200,12760476,over_10gb,821724,ok
130,1000,300,14155968,over_10gb,832636,ok
130,1100,0,11222404,over_10gb,809308,ok
130,1100,100,12757148,over_10gb,821340,ok
130,1100,200,14071744,over_10gb,831552,ok
130,1200,0,12233448,over_10gb,817164,ok
130,1200,100,13907536,over_10gb,830160,ok
130,1200,200,15341696,over_10gb,841296,ok
130,1300,0,13244300,over_10gb,881472,ok
130,1300,100,15057748,over_10gb,895324,ok
130,1300,200,16611596,over_10gb,907504,ok
140,1000,0,10984716,over_10gb,796912,ok
140,1000,100,12485464,over_10gb,807764,ok
140,1000,200,13764000,over_10gb,817044,ok
140,1100,0,12072324,over_10gb,804664,ok
140,1100,100,13723504,over_10gb,816576,ok
140,1100,200,15131932,over_10gb,826664,ok
140,1200,0,13160204,over_10gb,859976,ok
140,1200,100,14961528,over_10gb,873096,ok
140,1200,200,16499496,over_10gb,884116,ok
150,1000,0,11756860,over_10gb,792772,ok
150,1000,100,13356632,over_10gb,803696,ok
150,1000,200,14736996,over_10gb,812888,ok
150,1100,0,12922012,over_10gb,830796,ok
150,1100,100,14683692,over_10gb,842736,ok
150,1100,200,16201880,over_10gb,853040,ok
150,1200,0,14086880,over_10gb,1520500,ok
150,1200,100,16010520,over_10gb,1533500,ok
150,1200,200,17666792,over_10gb,1544648,ok
160,1000,0,12527796,over_10gb,794132,ok
160,1000,100,14237676,over_10gb,805124,ok
160,1000,200,15711048,over_10gb,814284,ok
160,1100,0,14031440,over_10gb,1505772,ok
160,1100,100,15859616,over_10gb,1517616,ok
160,1100,200,17433164,over_10gb,1527900,ok
160,1200,0,15012200,over_10gb,1513504,ok
160,1200,100,17067340,over_10gb,1526508,ok
160,1200,200,18834340,over_10gb,1537648,ok
